Question                                                                                     ;Reponse
Quelles sont les démarches pour obtenir un permis de conduire ?                              ;Bonjour, veuillez prendre note que nous sommes en mesure de répondre seulement aux besoins d’accès aux données ouvertes. Vous pouvez trouver des informations concernant les procédures à suivre sur le site de la Société de l'Assurance Automobile du Québec (SAAQ) sur le site Web Quebec.ca : https://saaq.gouv.qc.ca/permis-conduire/obtenir-permis
Comment faire pour avoir mon permis de conduire ?                                            ;Bonjour, veuillez prendre note que nous sommes en mesure de répondre seulement aux besoins d’accès aux données ouvertes. Vous pouvez trouver des informations concernant les procédures à suivre sur le site de la Société de l'Assurance Automobile du Québec (SAAQ) sur le site Web Quebec.ca : https://saaq.gouv.qc.ca/permis-conduire/obtenir-permis
Quel est le processus d'obtention d'un permis de conduire ?                                  ;Bonjour, veuillez prendre note que nous sommes en mesure de répondre seulement aux besoins d’accès aux données ouvertes. Vous pouvez trouver des informations concernant les procédures à suivre sur le site de la Société de l'Assurance Automobile du Québec (SAAQ) sur le site Web Quebec.ca : https://saaq.gouv.qc.ca/permis-conduire/obtenir-permis
De quelle manière puis-je acquérir un permis de conduire ?                                   ;Bonjour, veuillez prendre note que nous sommes en mesure de répondre seulement aux besoins d’accès aux données ouvertes. Vous pouvez trouver des informations concernant les procédures à suivre sur le site de la Société de l'Assurance Automobile du Québec (SAAQ) sur le site Web Quebec.ca : https://saaq.gouv.qc.ca/permis-conduire/obtenir-permis
Quels sont les étapes pour obtenir un permis de conduire ?                                   ;Bonjour, veuillez prendre note que nous sommes en mesure de répondre seulement aux besoins d’accès aux données ouvertes. Vous pouvez trouver des informations concernant les procédures à suivre sur le site de la Société de l'Assurance Automobile du Québec (SAAQ) sur le site Web Quebec.ca : https://saaq.gouv.qc.ca/permis-conduire/obtenir-permis
Comment puis-je me procurer un permis de conduire ?                                          ;Bonjour, veuillez prendre note que nous sommes en mesure de répondre seulement aux besoins d’accès aux données ouvertes. Vous pouvez trouver des informations concernant les procédures à suivre sur le site de la Société de l'Assurance Automobile du Québec (SAAQ) sur le site Web Quebec.ca : https://saaq.gouv.qc.ca/permis-conduire/obtenir-permis
De quelle façon obtenir mon permis de conduire ?                                             ;Bonjour, veuillez prendre note que nous sommes en mesure de répondre seulement aux besoins d’accès aux données ouvertes. Vous pouvez trouver des informations concernant les procédures à suivre sur le site de la Société de l'Assurance Automobile du Québec (SAAQ) sur le site Web Quebec.ca : https://saaq.gouv.qc.ca/permis-conduire/obtenir-permis
Quelles démarches suivre pour avoir un permis de conduire ?                                  ;Bonjour, veuillez prendre note que nous sommes en mesure de répondre seulement aux besoins d’accès aux données ouvertes. Vous pouvez trouver des informations concernant les procédures à suivre sur le site de la Société de l'Assurance Automobile du Québec (SAAQ) sur le site Web Quebec.ca : https://saaq.gouv.qc.ca/permis-conduire/obtenir-permis
Quel est le parcours pour obtenir un permis de conduire ?                                    ;Bonjour, veuillez prendre note que nous sommes en mesure de répondre seulement aux besoins d’accès aux données ouvertes. Vous pouvez trouver des informations concernant les procédures à suivre sur le site de la Société de l'Assurance Automobile du Québec (SAAQ) sur le site Web Quebec.ca : https://saaq.gouv.qc.ca/permis-conduire/obtenir-permis
Quelles actions dois-je entreprendre pour obtenir un permis de conduire ?                    ;Bonjour, veuillez prendre note que nous sommes en mesure de répondre seulement aux besoins d’accès aux données ouvertes. Vous pouvez trouver des informations concernant les procédures à suivre sur le site de la Société de l'Assurance Automobile du Québec (SAAQ) sur le site Web Quebec.ca : https://saaq.gouv.qc.ca/permis-conduire/obtenir-permis
Quelle procédure suivre pour obtenir un permis de conduire ?                                 ;Bonjour, veuillez prendre note que nous sommes en mesure de répondre seulement aux besoins d’accès aux données ouvertes. Vous pouvez trouver des informations concernant les procédures à suivre sur le site de la Société de l'Assurance Automobile du Québec (SAAQ) sur le site Web Quebec.ca : https://saaq.gouv.qc.ca/permis-conduire/obtenir-permis
Quels sont les étapes à suivre pour acquérir mon permis de conduire ?                        ;Bonjour, veuillez prendre note que nous sommes en mesure de répondre seulement aux besoins d’accès aux données ouvertes. Vous pouvez trouver des informations concernant les procédures à suivre sur le site de la Société de l'Assurance Automobile du Québec (SAAQ) sur le site Web Quebec.ca : https://saaq.gouv.qc.ca/permis-conduire/obtenir-permis
Comment faire pour obtenir un permis de conduire ?                                           ;Bonjour, veuillez prendre note que nous sommes en mesure de répondre seulement aux besoins d’accès aux données ouvertes. Vous pouvez trouver des informations concernant les procédures à suivre sur le site de la Société de l'Assurance Automobile du Québec (SAAQ) sur le site Web Quebec.ca : https://saaq.gouv.qc.ca/permis-conduire/obtenir-permis
De quelle manière puis-je me procurer un permis de conduire ?                                ;Bonjour, veuillez prendre note que nous sommes en mesure de répondre seulement aux besoins d’accès aux données ouvertes. Vous pouvez trouver des informations concernant les procédures à suivre sur le site de la Société de l'Assurance Automobile du Québec (SAAQ) sur le site Web Quebec.ca : https://saaq.gouv.qc.ca/permis-conduire/obtenir-permis
Quelles démarches entreprendre pour avoir un permis de conduire ?                            ;Bonjour, veuillez prendre note que nous sommes en mesure de répondre seulement aux besoins d’accès aux données ouvertes. Vous pouvez trouver des informations concernant les procédures à suivre sur le site de la Société de l'Assurance Automobile du Québec (SAAQ) sur le site Web Quebec.ca : https://saaq.gouv.qc.ca/permis-conduire/obtenir-permis
Comment puis-je faire pour passer mon permis de conduire ?                                   ;Bonjour, veuillez prendre note que nous sommes en mesure de répondre seulement aux besoins d’accès aux données ouvertes. Vous pouvez trouver des informations concernant les procédures à suivre sur le site de la Société de l'Assurance Automobile du Québec (SAAQ) sur le site Web Quebec.ca : https://saaq.gouv.qc.ca/permis-conduire/obtenir-permis
Quels documents dois-je fournir pour obtenir mon permis de conduire ?                        ;Bonjour, veuillez prendre note que nous sommes en mesure de répondre seulement aux besoins d’accès aux données ouvertes. Vous pouvez trouver des informations concernant les procédures à suivre sur le site de la Société de l'Assurance Automobile du Québec (SAAQ) sur le site Web Quebec.ca : https://saaq.gouv.qc.ca/permis-conduire/obtenir-permis
De quelle façon peut-on obtenir un permis de conduire ?                                      ;Bonjour, veuillez prendre note que nous sommes en mesure de répondre seulement aux besoins d’accès aux données ouvertes. Vous pouvez trouver des informations concernant les procédures à suivre sur le site de la Société de l'Assurance Automobile du Québec (SAAQ) sur le site Web Quebec.ca : https://saaq.gouv.qc.ca/permis-conduire/obtenir-permis
Quel est le processus d'inscription pour un permis de conduire ?                             ;Bonjour, veuillez prendre note que nous sommes en mesure de répondre seulement aux besoins d’accès aux données ouvertes. Vous pouvez trouver des informations concernant les procédures à suivre sur le site de la Société de l'Assurance Automobile du Québec (SAAQ) sur le site Web Quebec.ca : https://saaq.gouv.qc.ca/permis-conduire/obtenir-permis
À qui dois-je m'adresser pour obtenir un permis de conduire ?                                ;Bonjour, veuillez prendre note que nous sommes en mesure de répondre seulement aux besoins d’accès aux données ouvertes. Vous pouvez trouver des informations concernant les procédures à suivre sur le site de la Société de l'Assurance Automobile du Québec (SAAQ) sur le site Web Quebec.ca : https://saaq.gouv.qc.ca/permis-conduire/obtenir-permis
Comment savoir quand renouveler mon permis de conduire ?                                     ;Bonjour, veuillez prendre note que nous sommes en mesure de répondre seulement aux besoins d’accès aux données ouvertes. Vous pouvez trouver des informations concernant le renouvellement de permis de conduire  sur le site de la Société de l'Assurance Automobile du Québec (SAAQ)  : https://saaq.gouv.qc.ca/permis-conduire/renouveler-permis
Quels sont les indicateurs pour le renouvellement du permis de conduire ?                    ;Bonjour, veuillez prendre note que nous sommes en mesure de répondre seulement aux besoins d’accès aux données ouvertes. Vous pouvez trouver des informations concernant le renouvellement de permis de conduire  sur le site de la Société de l'Assurance Automobile du Québec (SAAQ)  : https://saaq.gouv.qc.ca/permis-conduire/renouveler-permis
Quelle est la périodicité de renouvellement d'un permis de conduire ?                        ;Bonjour, veuillez prendre note que nous sommes en mesure de répondre seulement aux besoins d’accès aux données ouvertes. Vous pouvez trouver des informations concernant le renouvellement de permis de conduire  sur le site de la Société de l'Assurance Automobile du Québec (SAAQ)  : https://saaq.gouv.qc.ca/permis-conduire/renouveler-permis
Comment puis-je vérifier la date de renouvellement de mon permis de conduire ?               ;Bonjour, veuillez prendre note que nous sommes en mesure de répondre seulement aux besoins d’accès aux données ouvertes. Vous pouvez trouver des informations concernant le renouvellement de permis de conduire  sur le site de la Société de l'Assurance Automobile du Québec (SAAQ)  : https://saaq.gouv.qc.ca/permis-conduire/renouveler-permis
Quels documents sont nécessaires pour le renouvellement d'un permis de conduire ?            ;Bonjour, veuillez prendre note que nous sommes en mesure de répondre seulement aux besoins d’accès aux données ouvertes. Vous pouvez trouver des informations concernant le renouvellement de permis de conduire  sur le site de la Société de l'Assurance Automobile du Québec (SAAQ)  : https://saaq.gouv.qc.ca/permis-conduire/renouveler-permis
À qui m'adresser pour renouveler mon permis de conduire ?                                    ;Bonjour, veuillez prendre note que nous sommes en mesure de répondre seulement aux besoins d’accès aux données ouvertes. Vous pouvez trouver des informations concernant le renouvellement de permis de conduire  sur le site de la Société de l'Assurance Automobile du Québec (SAAQ)  : https://saaq.gouv.qc.ca/permis-conduire/renouveler-permis
Quelle procédure suivre pour renouveler mon permis de conduire ?                             ;Bonjour, veuillez prendre note que nous sommes en mesure de répondre seulement aux besoins d’accès aux données ouvertes. Vous pouvez trouver des informations concernant le renouvellement de permis de conduire  sur le site de la Société de l'Assurance Automobile du Québec (SAAQ)  : https://saaq.gouv.qc.ca/permis-conduire/renouveler-permis
Où puis-je renouveler mon permis de conduire ?                                               ;Bonjour, veuillez prendre note que nous sommes en mesure de répondre seulement aux besoins d’accès aux données ouvertes. Vous pouvez trouver des informations concernant le renouvellement de permis de conduire  sur le site de la Société de l'Assurance Automobile du Québec (SAAQ)  : https://saaq.gouv.qc.ca/permis-conduire/renouveler-permis
Quels sont les frais associés au renouvellement d'un permis de conduire ?                    ;Bonjour, veuillez prendre note que nous sommes en mesure de répondre seulement aux besoins d’accès aux données ouvertes. Vous pouvez trouver des informations concernant le renouvellement de permis de conduire  sur le site de la Société de l'Assurance Automobile du Québec (SAAQ)  : https://saaq.gouv.qc.ca/permis-conduire/renouveler-permis
Est-il possible de renouveler mon permis de conduire via Internet ?                          ;Bonjour, veuillez prendre note que nous sommes en mesure de répondre seulement aux besoins d’accès aux données ouvertes. Vous pouvez trouver des informations concernant le renouvellement de permis de conduire  sur le site de la Société de l'Assurance Automobile du Québec (SAAQ)  : https://saaq.gouv.qc.ca/permis-conduire/renouveler-permis
Comment faire pour renouveler mon permis en ligne ?                                          ;Bonjour, veuillez prendre note que nous sommes en mesure de répondre seulement aux besoins d’accès aux données ouvertes. Vous pouvez trouver des informations concernant le renouvellement de permis de conduire  sur le site de la Société de l'Assurance Automobile du Québec (SAAQ)  : https://saaq.gouv.qc.ca/permis-conduire/renouveler-permis
Quelle est la procédure pour renouveler un permis de conduire sur le web ?                   ;Bonjour, veuillez prendre note que nous sommes en mesure de répondre seulement aux besoins d’accès aux données ouvertes. Vous pouvez trouver des informations concernant le renouvellement de permis de conduire  sur le site de la Société de l'Assurance Automobile du Québec (SAAQ)  : https://saaq.gouv.qc.ca/permis-conduire/renouveler-permis
Où puis-je renouveler mon permis de conduire en ligne ?                                      ;Bonjour, veuillez prendre note que nous sommes en mesure de répondre seulement aux besoins d’accès aux données ouvertes. Vous pouvez trouver des informations concernant le renouvellement de permis de conduire  sur le site de la Société de l'Assurance Automobile du Québec (SAAQ)  : https://saaq.gouv.qc.ca/permis-conduire/renouveler-permis
Est-ce que le renouvellement de permis est disponible en ligne ?                             ;Bonjour, veuillez prendre note que nous sommes en mesure de répondre seulement aux besoins d’accès aux données ouvertes. Vous pouvez trouver des informations concernant le renouvellement de permis de conduire  sur le site de la Société de l'Assurance Automobile du Québec (SAAQ)  : https://saaq.gouv.qc.ca/permis-conduire/renouveler-permis
Quels sont les démarches pour renouveler un permis en ligne ?                                ;Bonjour, veuillez prendre note que nous sommes en mesure de répondre seulement aux besoins d’accès aux données ouvertes. Vous pouvez trouver des informations concernant le renouvellement de permis de conduire  sur le site de la Société de l'Assurance Automobile du Québec (SAAQ)  : https://saaq.gouv.qc.ca/permis-conduire/renouveler-permis
Quel site utiliser pour le renouvellement en ligne de mon permis ?                           ;Bonjour, veuillez prendre note que nous sommes en mesure de répondre seulement aux besoins d’accès aux données ouvertes. Vous pouvez trouver des informations concernant le renouvellement de permis de conduire  sur le site de la Société de l'Assurance Automobile du Québec (SAAQ)  : https://saaq.gouv.qc.ca/permis-conduire/renouveler-permis
Peut-on renouveler son permis de conduire en ligne ?                                         ;Bonjour, veuillez prendre note que nous sommes en mesure de répondre seulement aux besoins d’accès aux données ouvertes. Vous pouvez trouver des informations concernant le renouvellement de permis de conduire  sur le site de la Société de l'Assurance Automobile du Québec (SAAQ)  : https://saaq.gouv.qc.ca/permis-conduire/renouveler-permis
Comment procéder au renouvellement de mon permis de conduire sur Internet ?                  ;Bonjour, veuillez prendre note que nous sommes en mesure de répondre seulement aux besoins d’accès aux données ouvertes. Vous pouvez trouver des informations concernant le renouvellement de permis de conduire  sur le site de la Société de l'Assurance Automobile du Québec (SAAQ)  : https://saaq.gouv.qc.ca/permis-conduire/renouveler-permis
Quels documents sont nécessaires pour renouveler mon permis en ligne ?                       ;Bonjour, veuillez prendre note que nous sommes en mesure de répondre seulement aux besoins d’accès aux données ouvertes. Vous pouvez trouver des informations concernant le renouvellement de permis de conduire  sur le site de la Société de l'Assurance Automobile du Québec (SAAQ)  : https://saaq.gouv.qc.ca/permis-conduire/renouveler-permis
Est-il possible de renouveler mon permis de conduire via Internet ?                          ;Bonjour, veuillez prendre note que nous sommes en mesure de répondre seulement aux besoins d’accès aux données ouvertes. Vous pouvez trouver des informations concernant le renouvellement de permis de conduire  sur le site de la Société de l'Assurance Automobile du Québec (SAAQ)  : https://saaq.gouv.qc.ca/permis-conduire/renouveler-permis
Comment faire pour renouveler mon permis en ligne ?                                          ;Bonjour, veuillez prendre note que nous sommes en mesure de répondre seulement aux besoins d’accès aux données ouvertes. Vous pouvez trouver des informations concernant le renouvellement de permis de conduire  sur le site de la Société de l'Assurance Automobile du Québec (SAAQ)  : https://saaq.gouv.qc.ca/permis-conduire/renouveler-permis
Quelle est la procédure pour renouveler un permis de conduire sur le web ?                   ;Bonjour, veuillez prendre note que nous sommes en mesure de répondre seulement aux besoins d’accès aux données ouvertes. Vous pouvez trouver des informations concernant le renouvellement de permis de conduire  sur le site de la Société de l'Assurance Automobile du Québec (SAAQ)  : https://saaq.gouv.qc.ca/permis-conduire/renouveler-permis
Où puis-je renouveler mon permis de conduire en ligne ?                                      ;Bonjour, veuillez prendre note que nous sommes en mesure de répondre seulement aux besoins d’accès aux données ouvertes. Vous pouvez trouver des informations concernant le renouvellement de permis de conduire  sur le site de la Société de l'Assurance Automobile du Québec (SAAQ)  : https://saaq.gouv.qc.ca/permis-conduire/renouveler-permis
Est-ce que le renouvellement de permis est disponible en ligne ?                             ;Bonjour, veuillez prendre note que nous sommes en mesure de répondre seulement aux besoins d’accès aux données ouvertes. Vous pouvez trouver des informations concernant le renouvellement de permis de conduire  sur le site de la Société de l'Assurance Automobile du Québec (SAAQ)  : https://saaq.gouv.qc.ca/permis-conduire/renouveler-permis
Quels sont les démarches pour renouveler un permis en ligne ?                                ;Bonjour, veuillez prendre note que nous sommes en mesure de répondre seulement aux besoins d’accès aux données ouvertes. Vous pouvez trouver des informations concernant le renouvellement de permis de conduire  sur le site de la Société de l'Assurance Automobile du Québec (SAAQ)  : https://saaq.gouv.qc.ca/permis-conduire/renouveler-permis
Quel site utiliser pour le renouvellement en ligne de mon permis ?                           ;Bonjour, veuillez prendre note que nous sommes en mesure de répondre seulement aux besoins d’accès aux données ouvertes. Vous pouvez trouver des informations concernant le renouvellement de permis de conduire  sur le site de la Société de l'Assurance Automobile du Québec (SAAQ)  : https://saaq.gouv.qc.ca/permis-conduire/renouveler-permis
Peut-on renouveler son permis de conduire en ligne ?                                         ;Bonjour, veuillez prendre note que nous sommes en mesure de répondre seulement aux besoins d’accès aux données ouvertes. Vous pouvez trouver des informations concernant le renouvellement de permis de conduire  sur le site de la Société de l'Assurance Automobile du Québec (SAAQ)  : https://saaq.gouv.qc.ca/permis-conduire/renouveler-permis
Comment procéder au renouvellement de mon permis de conduire sur Internet ?                  ;Bonjour, veuillez prendre note que nous sommes en mesure de répondre seulement aux besoins d’accès aux données ouvertes. Vous pouvez trouver des informations concernant le renouvellement de permis de conduire  sur le site de la Société de l'Assurance Automobile du Québec (SAAQ)  : https://saaq.gouv.qc.ca/permis-conduire/renouveler-permis
Quels documents sont nécessaires pour renouveler mon permis en ligne ?                       ;Bonjour, veuillez prendre note que nous sommes en mesure de répondre seulement aux besoins d’accès aux données ouvertes. Vous pouvez trouver des informations concernant le renouvellement de permis de conduire  sur le site de la Société de l'Assurance Automobile du Québec (SAAQ)  : https://saaq.gouv.qc.ca/permis-conduire/renouveler-permis
Comment immatriculer ma voiture chez vous ?                                                  ;Bonjour, veuillez prendre note que nous sommes en mesure de répondre seulement aux besoins d’accès aux données ouvertes. Vous pouvez trouver des informations concernant les procédures à suivre sur le site de la Société de l'Assurance Automobile du Québec (SAAQ) sur le site Web Quebec.ca : https://saaq.gouv.qc.ca/immatriculation/immatriculer-vehicule
Quelle est la procédure pour immatriculer ma voiture ?                                       ;Bonjour, veuillez prendre note que nous sommes en mesure de répondre seulement aux besoins d’accès aux données ouvertes. Vous pouvez trouver des informations concernant les procédures à suivre sur le site de la Société de l'Assurance Automobile du Québec (SAAQ) sur le site Web Quebec.ca : https://saaq.gouv.qc.ca/immatriculation/immatriculer-vehicule
Quelle procédure suivre pour immatriculer ma voiture ?                                       ;Bonjour, veuillez prendre note que nous sommes en mesure de répondre seulement aux besoins d’accès aux données ouvertes. Vous pouvez trouver des informations concernant les procédures à suivre sur le site de la Société de l'Assurance Automobile du Québec (SAAQ) sur le site Web Quebec.ca : https://saaq.gouv.qc.ca/immatriculation/immatriculer-vehicule
Comment faire pour que vous immatriculiez ma voiture ?                                       ;Bonjour, veuillez prendre note que nous sommes en mesure de répondre seulement aux besoins d’accès aux données ouvertes. Vous pouvez trouver des informations concernant les procédures à suivre sur le site de la Société de l'Assurance Automobile du Québec (SAAQ) sur le site Web Quebec.ca : https://saaq.gouv.qc.ca/immatriculation/immatriculer-vehicule
De quelle manière puis-je faire immatriculer ma voiture ?                                    ;Bonjour, veuillez prendre note que nous sommes en mesure de répondre seulement aux besoins d’accès aux données ouvertes. Vous pouvez trouver des informations concernant les procédures à suivre sur le site de la Société de l'Assurance Automobile du Québec (SAAQ) sur le site Web Quebec.ca : https://saaq.gouv.qc.ca/immatriculation/immatriculer-vehicule
Quels sont les démarches pour immatriculer une voiture ?                                     ;Bonjour, veuillez prendre note que nous sommes en mesure de répondre seulement aux besoins d’accès aux données ouvertes. Vous pouvez trouver des informations concernant les procédures à suivre sur le site de la Société de l'Assurance Automobile du Québec (SAAQ) sur le site Web Quebec.ca : https://saaq.gouv.qc.ca/immatriculation/immatriculer-vehicule
Quels sont les étapes pour immatriculer ma voiture ?                                         ;Bonjour, veuillez prendre note que nous sommes en mesure de répondre seulement aux besoins d’accès aux données ouvertes. Vous pouvez trouver des informations concernant les procédures à suivre sur le site de la Société de l'Assurance Automobile du Québec (SAAQ) sur le site Web Quebec.ca : https://saaq.gouv.qc.ca/immatriculation/immatriculer-vehicule
Comment immatriculer ma voiture ?                                                            ;Bonjour, veuillez prendre note que nous sommes en mesure de répondre seulement aux besoins d’accès aux données ouvertes. Vous pouvez trouver des informations concernant les procédures à suivre sur le site de la Société de l'Assurance Automobile du Québec (SAAQ) sur le site Web Quebec.ca : https://saaq.gouv.qc.ca/immatriculation/immatriculer-vehicule
Comment faire pour que vous immatriculiez ma voiture ?                                       ;Bonjour, veuillez prendre note que nous sommes en mesure de répondre seulement aux besoins d’accès aux données ouvertes. Vous pouvez trouver des informations concernant les procédures à suivre sur le site de la Société de l'Assurance Automobile du Québec (SAAQ) sur le site Web Quebec.ca : https://saaq.gouv.qc.ca/immatriculation/immatriculer-vehicule
Quelles étapes suivre pour faire immatriculer ma voiture par vos services ?                  ;Bonjour, veuillez prendre note que nous sommes en mesure de répondre seulement aux besoins d’accès aux données ouvertes. Vous pouvez trouver des informations concernant les procédures à suivre sur le site de la Société de l'Assurance Automobile du Québec (SAAQ) sur le site Web Quebec.ca : https://saaq.gouv.qc.ca/immatriculation/immatriculer-vehicule
Quel est le processus pour l'immatriculation de ma voiture ?                                 ;Bonjour, veuillez prendre note que nous sommes en mesure de répondre seulement aux besoins d’accès aux données ouvertes. Vous pouvez trouver des informations concernant les procédures à suivre sur le site de la Société de l'Assurance Automobile du Québec (SAAQ) sur le site Web Quebec.ca : https://saaq.gouv.qc.ca/immatriculation/immatriculer-vehicule
Quel est le processus pour l'immatriculation d'une voiture ?                                 ;Bonjour, veuillez prendre note que nous sommes en mesure de répondre seulement aux besoins d’accès aux données ouvertes. Vous pouvez trouver des informations concernant les procédures à suivre sur le site de la Société de l'Assurance Automobile du Québec (SAAQ) sur le site Web Quebec.ca : https://saaq.gouv.qc.ca/immatriculation/immatriculer-vehicule
Comment dois-je procéder pour immatriculer ma voiture ?                                      ;Bonjour, veuillez prendre note que nous sommes en mesure de répondre seulement aux besoins d’accès aux données ouvertes. Vous pouvez trouver des informations concernant les procédures à suivre sur le site de la Société de l'Assurance Automobile du Québec (SAAQ) sur le site Web Quebec.ca : https://saaq.gouv.qc.ca/immatriculation/immatriculer-vehicule
À qui dois-je m'adresser pour immatriculer ma voiture ?                                      ;Bonjour, veuillez prendre note que nous sommes en mesure de répondre seulement aux besoins d’accès aux données ouvertes. Vous pouvez trouver des informations concernant les procédures à suivre sur le site de la Société de l'Assurance Automobile du Québec (SAAQ) sur le site Web Quebec.ca : https://saaq.gouv.qc.ca/immatriculation/immatriculer-vehicule
Quelle est la démarche pour faire immatriculer ma voiture ?                                  ;Bonjour, veuillez prendre note que nous sommes en mesure de répondre seulement aux besoins d’accès aux données ouvertes. Vous pouvez trouver des informations concernant les procédures à suivre sur le site de la Société de l'Assurance Automobile du Québec (SAAQ) sur le site Web Quebec.ca : https://saaq.gouv.qc.ca/immatriculation/immatriculer-vehicule
Comment procéder pour que ma voiture soit immatriculée ?                                     ;Bonjour, veuillez prendre note que nous sommes en mesure de répondre seulement aux besoins d’accès aux données ouvertes. Vous pouvez trouver des informations concernant les procédures à suivre sur le site de la Société de l'Assurance Automobile du Québec (SAAQ) sur le site Web Quebec.ca : https://saaq.gouv.qc.ca/immatriculation/immatriculer-vehicule
Comment m'y prendre pour vous faire immatriculer ma voiture ?                                ;Bonjour, veuillez prendre note que nous sommes en mesure de répondre seulement aux besoins d’accès aux données ouvertes. Vous pouvez trouver des informations concernant les procédures à suivre sur le site de la Société de l'Assurance Automobile du Québec (SAAQ) sur le site Web Quebec.ca : https://saaq.gouv.qc.ca/immatriculation/immatriculer-vehicule
De quelle manière puis-je vous soumettre une demande d'immatriculation pour ma voiture ?     ;Bonjour, veuillez prendre note que nous sommes en mesure de répondre seulement aux besoins d’accès aux données ouvertes. Vous pouvez trouver des informations concernant les procédures à suivre sur le site de la Société de l'Assurance Automobile du Québec (SAAQ) sur le site Web Quebec.ca : https://saaq.gouv.qc.ca/immatriculation/immatriculer-vehicule
De quelle façon faire immatriculer ma voiture ?                                              ;Bonjour, veuillez prendre note que nous sommes en mesure de répondre seulement aux besoins d’accès aux données ouvertes. Vous pouvez trouver des informations concernant les procédures à suivre sur le site de la Société de l'Assurance Automobile du Québec (SAAQ) sur le site Web Quebec.ca : https://saaq.gouv.qc.ca/immatriculation/immatriculer-vehicule
Quelles informations sont requises pour immatriculer ma voiture ?                            ;Bonjour, veuillez prendre note que nous sommes en mesure de répondre seulement aux besoins d’accès aux données ouvertes. Vous pouvez trouver des informations concernant les procédures à suivre sur le site de la Société de l'Assurance Automobile du Québec (SAAQ) sur le site Web Quebec.ca : https://saaq.gouv.qc.ca/immatriculation/immatriculer-vehicule
Quelle documentation est requise pour l'immatriculation d'une voiture ?                      ;Bonjour, veuillez prendre note que nous sommes en mesure de répondre seulement aux besoins d’accès aux données ouvertes. Vous pouvez trouver des informations concernant les procédures à suivre sur le site de la Société de l'Assurance Automobile du Québec (SAAQ) sur le site Web Quebec.ca : https://saaq.gouv.qc.ca/immatriculation
De quels papiers ai-je besoin pour immatriculer un véhicule ?                                ;Bonjour, veuillez prendre note que nous sommes en mesure de répondre seulement aux besoins d’accès aux données ouvertes. Vous pouvez trouver des informations concernant les procédures à suivre sur le site de la Société de l'Assurance Automobile du Québec (SAAQ) sur le site Web Quebec.ca : https://saaq.gouv.qc.ca/immatriculation
Quels sont les documents à fournir pour l'immatriculation d'un véhicule ?                    ;Bonjour, veuillez prendre note que nous sommes en mesure de répondre seulement aux besoins d’accès aux données ouvertes. Vous pouvez trouver des informations concernant les procédures à suivre sur le site de la Société de l'Assurance Automobile du Québec (SAAQ) sur le site Web Quebec.ca : https://saaq.gouv.qc.ca/immatriculation
Comment préparer mon dossier d'immatriculation de voiture ?                                  ;Bonjour, veuillez prendre note que nous sommes en mesure de répondre seulement aux besoins d’accès aux données ouvertes. Vous pouvez trouver des informations concernant les procédures à suivre sur le site de la Société de l'Assurance Automobile du Québec (SAAQ) sur le site Web Quebec.ca : https://saaq.gouv.qc.ca/immatriculation
Quels formulaires remplir pour immatriculer une voiture ?                                    ;Bonjour, veuillez prendre note que nous sommes en mesure de répondre seulement aux besoins d’accès aux données ouvertes. Vous pouvez trouver des informations concernant les procédures à suivre sur le site de la Société de l'Assurance Automobile du Québec (SAAQ) sur le site Web Quebec.ca : https://saaq.gouv.qc.ca/immatriculation
À quoi consiste le dossier d'immatriculation d'une voiture ?                                 ;Bonjour, veuillez prendre note que nous sommes en mesure de répondre seulement aux besoins d’accès aux données ouvertes. Vous pouvez trouver des informations concernant les procédures à suivre sur le site de la Société de l'Assurance Automobile du Québec (SAAQ) sur le site Web Quebec.ca : https://saaq.gouv.qc.ca/immatriculation
Quels justificatifs sont indispensables pour l'immatriculation d'une voiture ?               ;Bonjour, veuillez prendre note que nous sommes en mesure de répondre seulement aux besoins d’accès aux données ouvertes. Vous pouvez trouver des informations concernant les procédures à suivre sur le site de la Société de l'Assurance Automobile du Québec (SAAQ) sur le site Web Quebec.ca : https://saaq.gouv.qc.ca/immatriculation
Quelle est la liste des documents nécessaires pour immatriculer un véhicule ?                ;Bonjour, veuillez prendre note que nous sommes en mesure de répondre seulement aux besoins d’accès aux données ouvertes. Vous pouvez trouver des informations concernant les procédures à suivre sur le site de la Société de l'Assurance Automobile du Québec (SAAQ) sur le site Web Quebec.ca : https://saaq.gouv.qc.ca/immatriculation
Quels documents dois-je présenter pour l'immatriculation de mon véhicule ?                   ;Bonjour, veuillez prendre note que nous sommes en mesure de répondre seulement aux besoins d’accès aux données ouvertes. Vous pouvez trouver des informations concernant les procédures à suivre sur le site de la Société de l'Assurance Automobile du Québec (SAAQ) sur le site Web Quebec.ca : https://saaq.gouv.qc.ca/immatriculation
Quels sont les papiers exigés pour une demande d'immatriculation de voiture ?                ;Bonjour, veuillez prendre note que nous sommes en mesure de répondre seulement aux besoins d’accès aux données ouvertes. Vous pouvez trouver des informations concernant les procédures à suivre sur le site de la Société de l'Assurance Automobile du Québec (SAAQ) sur le site Web Quebec.ca : https://saaq.gouv.qc.ca/immatriculation
À quel endroit puis-je trouver un formulaire pour immatriculer ma voiture ?                  ;Bonjour, veuillez prendre note que nous sommes en mesure de répondre seulement aux besoins d’accès aux données ouvertes. Vous pouvez trouver des informations concernant les procédures à suivre sur le site de la Société de l'Assurance Automobile du Québec (SAAQ) sur le site Web Quebec.ca : https://saaq.gouv.qc.ca/immatriculation
Comment obtenir un formulaire d'immatriculation de véhicule ?                                ;Bonjour, veuillez prendre note que nous sommes en mesure de répondre seulement aux besoins d’accès aux données ouvertes. Vous pouvez trouver des informations concernant les procédures à suivre sur le site de la Société de l'Assurance Automobile du Québec (SAAQ) sur le site Web Quebec.ca : https://saaq.gouv.qc.ca/immatriculation
Quel est le moyen le plus simple pour se procurer un formulaire d'immatriculation ?          ;Bonjour, veuillez prendre note que nous sommes en mesure de répondre seulement aux besoins d’accès aux données ouvertes. Vous pouvez trouver des informations concernant les procédures à suivre sur le site de la Société de l'Assurance Automobile du Québec (SAAQ) sur le site Web Quebec.ca : https://saaq.gouv.qc.ca/immatriculation
Où sont disponibles les formulaires d'immatriculation de voitures ?                          ;Bonjour, veuillez prendre note que nous sommes en mesure de répondre seulement aux besoins d’accès aux données ouvertes. Vous pouvez trouver des informations concernant les procédures à suivre sur le site de la Société de l'Assurance Automobile du Québec (SAAQ) sur le site Web Quebec.ca : https://saaq.gouv.qc.ca/immatriculation
Quelles sont les sources pour récupérer un formulaire d'immatriculation de voiture ?         ;Bonjour, veuillez prendre note que nous sommes en mesure de répondre seulement aux besoins d’accès aux données ouvertes. Vous pouvez trouver des informations concernant les procédures à suivre sur le site de la Société de l'Assurance Automobile du Québec (SAAQ) sur le site Web Quebec.ca : https://saaq.gouv.qc.ca/immatriculation
Comment puis-je me procurer un formulaire pour l'immatriculation de mon véhicule ?           ;Bonjour, veuillez prendre note que nous sommes en mesure de répondre seulement aux besoins d’accès aux données ouvertes. Vous pouvez trouver des informations concernant les procédures à suivre sur le site de la Société de l'Assurance Automobile du Québec (SAAQ) sur le site Web Quebec.ca : https://saaq.gouv.qc.ca/immatriculation
Où télécharger un formulaire d'immatriculation pour ma voiture ?                             ;Bonjour, veuillez prendre note que nous sommes en mesure de répondre seulement aux besoins d’accès aux données ouvertes. Vous pouvez trouver des informations concernant les procédures à suivre sur le site de la Société de l'Assurance Automobile du Québec (SAAQ) sur le site Web Quebec.ca : https://saaq.gouv.qc.ca/immatriculation
Dans quel service puis-je obtenir un formulaire d'immatriculation de voiture ?               ;Bonjour, veuillez prendre note que nous sommes en mesure de répondre seulement aux besoins d’accès aux données ouvertes. Vous pouvez trouver des informations concernant les procédures à suivre sur le site de la Société de l'Assurance Automobile du Québec (SAAQ) sur le site Web Quebec.ca : https://saaq.gouv.qc.ca/immatriculation
Quels points de service offrent des formulaires d'immatriculation de véhicule ?              ;Bonjour, veuillez prendre note que nous sommes en mesure de répondre seulement aux besoins d’accès aux données ouvertes. Vous pouvez trouver des informations concernant les procédures à suivre sur le site de la Société de l'Assurance Automobile du Québec (SAAQ) sur le site Web Quebec.ca : https://saaq.gouv.qc.ca/immatriculation
Comment et où retirer un formulaire pour l'immatriculation d'un véhicule ?                   ;Bonjour, veuillez prendre note que nous sommes en mesure de répondre seulement aux besoins d’accès aux données ouvertes. Vous pouvez trouver des informations concernant les procédures à suivre sur le site de la Société de l'Assurance Automobile du Québec (SAAQ) sur le site Web Quebec.ca : https://saaq.gouv.qc.ca/immatriculation
Quelles sont les catégories d'immatriculation disponibles ?                                  ;Bonjour, veuillez prendre note que nous sommes en mesure de répondre seulement aux besoins d’accès aux données ouvertes. Vous pouvez trouver des informations concernant les procédures à suivre sur le site de la Société de l'Assurance Automobile du Québec (SAAQ) sur le site Web Quebec.ca : https://saaq.gouv.qc.ca/immatriculation
Quels types d'immatriculation de véhicules existe-t-il ?                                     ;Bonjour, veuillez prendre note que nous sommes en mesure de répondre seulement aux besoins d’accès aux données ouvertes. Vous pouvez trouver des informations concernant les procédures à suivre sur le site de la Société de l'Assurance Automobile du Québec (SAAQ) sur le site Web Quebec.ca : https://saaq.gouv.qc.ca/immatriculation
Comment sont classifiées les immatriculations de véhicules ?                                 ;Bonjour, veuillez prendre note que nous sommes en mesure de répondre seulement aux besoins d’accès aux données ouvertes. Vous pouvez trouver des informations concernant les procédures à suivre sur le site de la Société de l'Assurance Automobile du Québec (SAAQ) sur le site Web Quebec.ca : https://saaq.gouv.qc.ca/immatriculation
Quels sont les différents formats d'immatriculation que je peux choisir ?                    ;Bonjour, veuillez prendre note que nous sommes en mesure de répondre seulement aux besoins d’accès aux données ouvertes. Vous pouvez trouver des informations concernant les procédures à suivre sur le site de la Société de l'Assurance Automobile du Québec (SAAQ) sur le site Web Quebec.ca : https://saaq.gouv.qc.ca/immatriculation
Quelle est la variété des immatriculations pour véhicules ?                                  ;Bonjour, veuillez prendre note que nous sommes en mesure de répondre seulement aux besoins d’accès aux données ouvertes. Vous pouvez trouver des informations concernant les procédures à suivre sur le site de la Société de l'Assurance Automobile du Québec (SAAQ) sur le site Web Quebec.ca : https://saaq.gouv.qc.ca/immatriculation
Quels choix d'immatriculation sont proposés ?                                                ;Bonjour, veuillez prendre note que nous sommes en mesure de répondre seulement aux besoins d’accès aux données ouvertes. Vous pouvez trouver des informations concernant les procédures à suivre sur le site de la Société de l'Assurance Automobile du Québec (SAAQ) sur le site Web Quebec.ca : https://saaq.gouv.qc.ca/immatriculation
À quoi correspondent les différents types d'immatriculation ?                                ;Bonjour, veuillez prendre note que nous sommes en mesure de répondre seulement aux besoins d’accès aux données ouvertes. Vous pouvez trouver des informations concernant les procédures à suivre sur le site de la Société de l'Assurance Automobile du Québec (SAAQ) sur le site Web Quebec.ca : https://saaq.gouv.qc.ca/immatriculation
Quels sont les différents régimes d'immatriculation de véhicules ?                           ;Bonjour, veuillez prendre note que nous sommes en mesure de répondre seulement aux besoins d’accès aux données ouvertes. Vous pouvez trouver des informations concernant les procédures à suivre sur le site de la Société de l'Assurance Automobile du Québec (SAAQ) sur le site Web Quebec.ca : https://saaq.gouv.qc.ca/immatriculation
Quelle typologie existe pour les immatriculations de véhicules ?                             ;Bonjour, veuillez prendre note que nous sommes en mesure de répondre seulement aux besoins d’accès aux données ouvertes. Vous pouvez trouver des informations concernant les procédures à suivre sur le site de la Société de l'Assurance Automobile du Québec (SAAQ) sur le site Web Quebec.ca : https://saaq.gouv.qc.ca/immatriculation
Comment différencier les types d'immatriculation disponibles ?                               ;Bonjour, veuillez prendre note que nous sommes en mesure de répondre seulement aux besoins d’accès aux données ouvertes. Vous pouvez trouver des informations concernant les procédures à suivre sur le site de la Société de l'Assurance Automobile du Québec (SAAQ) sur le site Web Quebec.ca : https://saaq.gouv.qc.ca/immatriculation
Quelles démarches pour trouver un emploi ?                                                   ;Bonjour, veuillez prendre note que nous sommes en mesure de répondre seulement aux besoins d’accès aux données ouvertes. Vous pouvez trouver des informations concernant les procédures à suivre pour l'immigration sur le site Web Quebec.ca : https://www.quebec.ca/emploi.
Comment puis-je trouver un emploi ?                                                          ;Bonjour, veuillez prendre note que nous sommes en mesure de répondre seulement aux besoins d’accès aux données ouvertes. Vous pouvez trouver des informations concernant les procédures à suivre pour l'immigration sur le site Web Quebec.ca : https://www.quebec.ca/emploi.
Comment faire pour obtenir un travail ?                                                      ;Bonjour, veuillez prendre note que nous sommes en mesure de répondre seulement aux besoins d’accès aux données ouvertes. Vous pouvez trouver des informations concernant les procédures à suivre pour l'immigration sur le site Web Quebec.ca : https://www.quebec.ca/emploi.
Où chercher des offres d'emploi ?                                                            ;Bonjour, veuillez prendre note que nous sommes en mesure de répondre seulement aux besoins d’accès aux données ouvertes. Vous pouvez trouver des informations concernant les procédures à suivre pour l'immigration sur le site Web Quebec.ca : https://www.quebec.ca/emploi.
Quelles démarches suivre pour trouver un emploi ?                                            ;Bonjour, veuillez prendre note que nous sommes en mesure de répondre seulement aux besoins d’accès aux données ouvertes. Vous pouvez trouver des informations concernant les procédures à suivre pour l'immigration sur le site Web Quebec.ca : https://www.quebec.ca/emploi.
Quelles ressources sont disponibles pour la recherche d'emploi ?                             ;Bonjour, veuillez prendre note que nous sommes en mesure de répondre seulement aux besoins d’accès aux données ouvertes. Vous pouvez trouver des informations concernant les procédures à suivre pour l'immigration sur le site Web Quebec.ca : https://www.quebec.ca/emploi.
De quelle manière puis-je rechercher un emploi ?                                             ;Bonjour, veuillez prendre note que nous sommes en mesure de répondre seulement aux besoins d’accès aux données ouvertes. Vous pouvez trouver des informations concernant les procédures à suivre pour l'immigration sur le site Web Quebec.ca : https://www.quebec.ca/emploi.
Comment faire pour obtenir un travail ?                                                      ;Bonjour, veuillez prendre note que nous sommes en mesure de répondre seulement aux besoins d’accès aux données ouvertes. Vous pouvez trouver des informations concernant les procédures à suivre pour l'immigration sur le site Web Quebec.ca : https://www.quebec.ca/emploi.
Quel est le processus pour trouver un emploi ?                                               ;Bonjour, veuillez prendre note que nous sommes en mesure de répondre seulement aux besoins d’accès aux données ouvertes. Vous pouvez trouver des informations concernant les procédures à suivre pour l'immigration sur le site Web Quebec.ca : https://www.quebec.ca/emploi.
Quels sites recommandez-vous pour trouver un emploi ?                                        ;Bonjour, veuillez prendre note que nous sommes en mesure de répondre seulement aux besoins d’accès aux données ouvertes. Vous pouvez trouver des informations concernant les procédures à suivre pour l'immigration sur le site Web Quebec.ca : https://www.quebec.ca/emploi.
À qui dois-je m'adresser pour trouver un emploi ?                                            ;Bonjour, veuillez prendre note que nous sommes en mesure de répondre seulement aux besoins d’accès aux données ouvertes. Vous pouvez trouver des informations concernant les procédures à suivre pour l'immigration sur le site Web Quebec.ca : https://www.quebec.ca/emploi.
À qui m'adresser pour des conseils sur la recherche d'emploi ?                               ;Bonjour, veuillez prendre note que nous sommes en mesure de répondre seulement aux besoins d’accès aux données ouvertes. Vous pouvez trouver des informations concernant les procédures à suivre pour l'immigration sur le site Web Quebec.ca : https://www.quebec.ca/emploi.
Quels sites sont recommandés pour chercher un emploi ?                                       ;Bonjour, veuillez prendre note que nous sommes en mesure de répondre seulement aux besoins d’accès aux données ouvertes. Vous pouvez trouver des informations concernant les procédures à suivre pour l'immigration sur le site Web Quebec.ca : https://www.quebec.ca/emploi.
Quelles stratégies suivre pour trouver rapidement un emploi ?                                ;Bonjour, veuillez prendre note que nous sommes en mesure de répondre seulement aux besoins d’accès aux données ouvertes. Vous pouvez trouver des informations concernant les procédures à suivre pour l'immigration sur le site Web Quebec.ca : https://www.quebec.ca/emploi.
Comment puis-je utiliser les réseaux sociaux pour trouver un emploi ?                        ;Bonjour, veuillez prendre note que nous sommes en mesure de répondre seulement aux besoins d’accès aux données ouvertes. Vous pouvez trouver des informations concernant les procédures à suivre pour l'immigration sur le site Web Quebec.ca : https://www.quebec.ca/emploi.
Quels sont les meilleurs moyens pour dénicher un job ?                                       ;Bonjour, veuillez prendre note que nous sommes en mesure de répondre seulement aux besoins d’accès aux données ouvertes. Vous pouvez trouver des informations concernant les procédures à suivre pour l'immigration sur le site Web Quebec.ca : https://www.quebec.ca/emploi.
Quels conseils suivre pour réussir à trouver un emploi ?                                     ;Bonjour, veuillez prendre note que nous sommes en mesure de répondre seulement aux besoins d’accès aux données ouvertes. Vous pouvez trouver des informations concernant les procédures à suivre pour l'immigration sur le site Web Quebec.ca : https://www.quebec.ca/emploi.
Comment utiliser les réseaux sociaux pour trouver un emploi ?                                ;Bonjour, veuillez prendre note que nous sommes en mesure de répondre seulement aux besoins d’accès aux données ouvertes. Vous pouvez trouver des informations concernant les procédures à suivre pour l'immigration sur le site Web Quebec.ca : https://www.quebec.ca/emploi.
Quelles ressources sont disponibles pour aider dans la recherche d'emploi ?                  ;Bonjour, veuillez prendre note que nous sommes en mesure de répondre seulement aux besoins d’accès aux données ouvertes. Vous pouvez trouver des informations concernant les procédures à suivre pour l'immigration sur le site Web Quebec.ca : https://www.quebec.ca/emploi.
Où puis-je trouver des annonces pour des emplois disponibles ?                               ;Bonjour, veuillez prendre note que nous sommes en mesure de répondre seulement aux besoins d’accès aux données ouvertes. Vous pouvez trouver des informations concernant les procédures à suivre pour l'immigration sur le site Web Quebec.ca : https://www.quebec.ca/emploi.
Comment trouver des emplois dans le secteur de la santé ?                                    ;Bonjour, veuillez prendre note que nous sommes en mesure de répondre seulement aux besoins d’accès aux données ouvertes. Vous pouvez trouver des informations concernant votre demande sur le site Web de Quebec.ca : https://www.quebec.ca/emploi/informer-metier-profession. D'autres ressources concernant votre demandes sont disponibles ici : https://www.quebec.ca/gouvernement/travailler-gouvernement/sante-services-sociaux
Quelles sont les opportunités d'emploi dans le domaine de la santé                           ;Bonjour, veuillez prendre note que nous sommes en mesure de répondre seulement aux besoins d’accès aux données ouvertes. Vous pouvez trouver des informations concernant votre demande sur le site Web de Quebec.ca : https://www.quebec.ca/emploi/informer-metier-profession. D'autres ressources concernant votre demandes sont disponibles ici : https://www.quebec.ca/gouvernement/travailler-gouvernement/sante-services-sociaux
Où chercher des postes dans le secteur de la santé  ?                                        ;Bonjour, veuillez prendre note que nous sommes en mesure de répondre seulement aux besoins d’accès aux données ouvertes. Vous pouvez trouver des informations concernant votre demande sur le site Web de Quebec.ca : https://www.quebec.ca/emploi/informer-metier-profession. D'autres ressources concernant votre demandes sont disponibles ici : https://www.quebec.ca/gouvernement/travailler-gouvernement/sante-services-sociaux
Quels sites sont spécialisés dans les offres d'emploi en santé ?                             ;Bonjour, veuillez prendre note que nous sommes en mesure de répondre seulement aux besoins d’accès aux données ouvertes. Vous pouvez trouver des informations concernant votre demande sur le site Web de Quebec.ca : https://www.quebec.ca/emploi/informer-metier-profession. D'autres ressources concernant votre demandes sont disponibles ici : https://www.quebec.ca/gouvernement/travailler-gouvernement/sante-services-sociaux
À qui m'adresser pour des opportunités d'emploi dans la santé ?                              ;Bonjour, veuillez prendre note que nous sommes en mesure de répondre seulement aux besoins d’accès aux données ouvertes. Vous pouvez trouver des informations concernant votre demande sur le site Web de Quebec.ca : https://www.quebec.ca/emploi/informer-metier-profession. D'autres ressources concernant votre demandes sont disponibles ici : https://www.quebec.ca/gouvernement/travailler-gouvernement/sante-services-sociaux
Quelles sont les tendances d'embauche dans le secteur de la santé  ?                         ;Bonjour, veuillez prendre note que nous sommes en mesure de répondre seulement aux besoins d’accès aux données ouvertes. Vous pouvez trouver des informations concernant votre demande sur le site Web de Quebec.ca : https://www.quebec.ca/emploi/informer-metier-profession. D'autres ressources concernant votre demandes sont disponibles ici : https://www.quebec.ca/gouvernement/travailler-gouvernement/sante-services-sociaux
Comment identifier les postes vacants dans la santé ?                                        ;Bonjour, veuillez prendre note que nous sommes en mesure de répondre seulement aux besoins d’accès aux données ouvertes. Vous pouvez trouver des informations concernant votre demande sur le site Web de Quebec.ca : https://www.quebec.ca/emploi/informer-metier-profession. D'autres ressources concernant votre demandes sont disponibles ici : https://www.quebec.ca/gouvernement/travailler-gouvernement/sante-services-sociaux
Quelles stratégies utiliser pour trouver un emploi dans la santé ?                           ;Bonjour, veuillez prendre note que nous sommes en mesure de répondre seulement aux besoins d’accès aux données ouvertes. Vous pouvez trouver des informations concernant votre demande sur le site Web de Quebec.ca : https://www.quebec.ca/emploi/informer-metier-profession. D'autres ressources concernant votre demandes sont disponibles ici : https://www.quebec.ca/gouvernement/travailler-gouvernement/sante-services-sociaux
Où puis-je trouver des annonces pour des emplois dans le secteur?                            ;Bonjour, veuillez prendre note que nous sommes en mesure de répondre seulement aux besoins d’accès aux données ouvertes. Vous pouvez trouver des informations concernant votre demande sur le site Web de Quebec.ca : https://www.quebec.ca/emploi/informer-metier-profession. D'autres ressources concernant votre demandes sont disponibles ici : https://www.quebec.ca/gouvernement/travailler-gouvernement/sante-services-sociaux
Quels réseaux professionnels explorer pour des carrières en santé  ?                         ;Bonjour, veuillez prendre note que nous sommes en mesure de répondre seulement aux besoins d’accès aux données ouvertes. Vous pouvez trouver des informations concernant votre demande sur le site Web de Quebec.ca : https://www.quebec.ca/emploi/informer-metier-profession. D'autres ressources concernant votre demandes sont disponibles ici : https://www.quebec.ca/gouvernement/travailler-gouvernement/sante-services-sociaux
Comment trouver des postes d'enseignement disponibles ?                                      ;Bonjour, veuillez prendre note que nous sommes en mesure de répondre seulement aux besoins d’accès aux données ouvertes. Vous pouvez trouver des informations concernant votre demande sur le site Web de Quebec.ca : https://www.quebec.ca/emploi/informer-metier-profession. D'autres ressources concernant votre demandes sont disponibles ici : https://www.quebec.ca/gouvernement/travailler-gouvernement/metiers-education
Quelles sont les opportunités d'emploi dans l'éducation?                                     ;Bonjour, veuillez prendre note que nous sommes en mesure de répondre seulement aux besoins d’accès aux données ouvertes. Vous pouvez trouver des informations concernant votre demande sur le site Web de Quebec.ca : https://www.quebec.ca/emploi/informer-metier-profession. D'autres ressources concernant votre demandes sont disponibles ici : https://www.quebec.ca/gouvernement/travailler-gouvernement/metiers-education
Où chercher des emplois dans le domaine de l'éducation ?                                     ;Bonjour, veuillez prendre note que nous sommes en mesure de répondre seulement aux besoins d’accès aux données ouvertes. Vous pouvez trouver des informations concernant votre demande sur le site Web de Quebec.ca : https://www.quebec.ca/emploi/informer-metier-profession. D'autres ressources concernant votre demandes sont disponibles ici : https://www.quebec.ca/gouvernement/travailler-gouvernement/metiers-education
Quels sites listent des postes vacants dans l'éducation ?                                    ;Bonjour, veuillez prendre note que nous sommes en mesure de répondre seulement aux besoins d’accès aux données ouvertes. Vous pouvez trouver des informations concernant votre demande sur le site Web de Quebec.ca : https://www.quebec.ca/emploi/informer-metier-profession. D'autres ressources concernant votre demandes sont disponibles ici : https://www.quebec.ca/gouvernement/travailler-gouvernement/metiers-education
À qui m'adresser pour des postes dans l'éducation  ?                                         ;Bonjour, veuillez prendre note que nous sommes en mesure de répondre seulement aux besoins d’accès aux données ouvertes. Vous pouvez trouver des informations concernant votre demande sur le site Web de Quebec.ca : https://www.quebec.ca/emploi/informer-metier-profession. D'autres ressources concernant votre demandes sont disponibles ici : https://www.quebec.ca/gouvernement/travailler-gouvernement/metiers-education
Quelles sont les tendances d'embauche dans le domaine de l'éducation?                        ;Bonjour, veuillez prendre note que nous sommes en mesure de répondre seulement aux besoins d’accès aux données ouvertes. Vous pouvez trouver des informations concernant votre demande sur le site Web de Quebec.ca : https://www.quebec.ca/emploi/informer-metier-profession. D'autres ressources concernant votre demandes sont disponibles ici : https://www.quebec.ca/gouvernement/travailler-gouvernement/metiers-education
Comment identifier les offres d'emploi dans l'éducation ?                                    ;Bonjour, veuillez prendre note que nous sommes en mesure de répondre seulement aux besoins d’accès aux données ouvertes. Vous pouvez trouver des informations concernant votre demande sur le site Web de Quebec.ca : https://www.quebec.ca/emploi/informer-metier-profession. D'autres ressources concernant votre demandes sont disponibles ici : https://www.quebec.ca/gouvernement/travailler-gouvernement/metiers-education
Quelles stratégies employer pour trouver un emploi dans l'éducation ?                        ;Bonjour, veuillez prendre note que nous sommes en mesure de répondre seulement aux besoins d’accès aux données ouvertes. Vous pouvez trouver des informations concernant votre demande sur le site Web de Quebec.ca : https://www.quebec.ca/emploi/informer-metier-profession. D'autres ressources concernant votre demandes sont disponibles ici : https://www.quebec.ca/gouvernement/travailler-gouvernement/metiers-education
Où puis-je consulter des annonces pour des postes dans l'éducation ?                         ;Bonjour, veuillez prendre note que nous sommes en mesure de répondre seulement aux besoins d’accès aux données ouvertes. Vous pouvez trouver des informations concernant votre demande sur le site Web de Quebec.ca : https://www.quebec.ca/emploi/informer-metier-profession. D'autres ressources concernant votre demandes sont disponibles ici : https://www.quebec.ca/gouvernement/travailler-gouvernement/metiers-education
Quels réseaux professionnels sont utiles pour trouver un emploi dans l'éducation au Canada ? ;Bonjour, veuillez prendre note que nous sommes en mesure de répondre seulement aux besoins d’accès aux données ouvertes. Vous pouvez trouver des informations concernant votre demande sur le site Web de Quebec.ca : https://www.quebec.ca/emploi/informer-metier-profession. D'autres ressources concernant votre demandes sont disponibles ici : https://www.quebec.ca/gouvernement/travailler-gouvernement/metiers-education
Quelle est la procédure pour postuler à un emploi au Gouvernement du Québec ?                ;Bonjour, veuillez prendre note que nous sommes en mesure de répondre seulement aux besoins d’accès aux données ouvertes. Vous pouvez trouver des informations concernant les procédures sur le site Web de Quebec.ca : https://www.quebec.ca/gouvernement/travailler-gouvernement
Comment faire pour envoyer une candidature au Gouvernement du Québec ?                       ;Bonjour, veuillez prendre note que nous sommes en mesure de répondre seulement aux besoins d’accès aux données ouvertes. Vous pouvez trouver des informations concernant les procédures sur le site Web de Quebec.ca : https://www.quebec.ca/gouvernement/travailler-gouvernement
Quels sont les démarches pour postuler au Gouvernement du Québec ?                           ;Bonjour, veuillez prendre note que nous sommes en mesure de répondre seulement aux besoins d’accès aux données ouvertes. Vous pouvez trouver des informations concernant les procédures sur le site Web de Quebec.ca : https://www.quebec.ca/gouvernement/travailler-gouvernement
À qui m'adresser pour soumettre une candidature au Gouvernement du Québec ?                  ;Bonjour, veuillez prendre note que nous sommes en mesure de répondre seulement aux besoins d’accès aux données ouvertes. Vous pouvez trouver des informations concernant les procédures sur le site Web de Quebec.ca : https://www.quebec.ca/gouvernement/travailler-gouvernement
Quels sites internet utilisés pour postuler à des postes au Gouvernement du Québec ?         ;Bonjour, veuillez prendre note que nous sommes en mesure de répondre seulement aux besoins d’accès aux données ouvertes. Vous pouvez trouver des informations concernant les procédures sur le site Web de Quebec.ca : https://www.quebec.ca/gouvernement/travailler-gouvernement
Comment puis-je trouver des offres d'emploi du Gouvernement du Québec ?                      ;Bonjour, veuillez prendre note que nous sommes en mesure de répondre seulement aux besoins d’accès aux données ouvertes. Vous pouvez trouver des informations concernant les procédures sur le site Web de Quebec.ca : https://www.quebec.ca/gouvernement/travailler-gouvernement
Quelles sont les conditions pour postuler au Gouvernement du Québec ?                        ;Bonjour, veuillez prendre note que nous sommes en mesure de répondre seulement aux besoins d’accès aux données ouvertes. Vous pouvez trouver des informations concernant les procédures sur le site Web de Quebec.ca : https://www.quebec.ca/gouvernement/travailler-gouvernement
Quels documents sont nécessaires pour une candidature au Gouvernement du Québec ?            ;Bonjour, veuillez prendre note que nous sommes en mesure de répondre seulement aux besoins d’accès aux données ouvertes. Vous pouvez trouver des informations concernant les procédures sur le site Web de Quebec.ca : https://www.quebec.ca/gouvernement/travailler-gouvernement
Comment rédiger ma candidature pour le Gouvernement du Québec ?                              ;Bonjour, veuillez prendre note que nous sommes en mesure de répondre seulement aux besoins d’accès aux données ouvertes. Vous pouvez trouver des informations concernant les procédures sur le site Web de Quebec.ca : https://www.quebec.ca/gouvernement/travailler-gouvernement
Quelles étapes suivre pour soumettre une candidature au Gouvernement du Québec ?             ;Bonjour, veuillez prendre note que nous sommes en mesure de répondre seulement aux besoins d’accès aux données ouvertes. Vous pouvez trouver des informations concernant les procédures sur le site Web de Quebec.ca : https://www.quebec.ca/gouvernement/travailler-gouvernement
Comment faire pour trouver un médecin de famille ?                                           ;Bonjour, veuillez prendre note que nous sommes en mesure de répondre seulement aux besoins d’accès aux données ouvertes. Vous pouvez trouver des informations concernant les procédures à suivre pour trouver un médecin de famille : https://www.quebec.ca/sante/trouver-une-ressource/inscription-aupres-dun-medecin-de-famille
Quelles sont les démarches pour obtenir un médecin de famille ?                              ;Bonjour, veuillez prendre note que nous sommes en mesure de répondre seulement aux besoins d’accès aux données ouvertes. Vous pouvez trouver des informations concernant les procédures à suivre pour trouver un médecin de famille : https://www.quebec.ca/sante/trouver-une-ressource/inscription-aupres-dun-medecin-de-famille
À qui m'adresser pour trouver un médecin de famille ?                                        ;Bonjour, veuillez prendre note que nous sommes en mesure de répondre seulement aux besoins d’accès aux données ouvertes. Vous pouvez trouver des informations concernant les procédures à suivre pour trouver un médecin de famille : https://www.quebec.ca/sante/trouver-une-ressource/inscription-aupres-dun-medecin-de-famille
Quels sites recommandez-vous pour trouver un médecin de famille ?                            ;Bonjour, veuillez prendre note que nous sommes en mesure de répondre seulement aux besoins d’accès aux données ouvertes. Vous pouvez trouver des informations concernant les procédures à suivre pour trouver un médecin de famille : https://www.quebec.ca/sante/trouver-une-ressource/inscription-aupres-dun-medecin-de-famille
Comment puis-je obtenir un rendez-vous avec un médecin de famille ?                          ;Bonjour, veuillez prendre note que nous sommes en mesure de répondre seulement aux besoins d’accès aux données ouvertes. Vous pouvez trouver des informations concernant les procédures à suivre pour trouver un médecin de famille : https://www.quebec.ca/sante/trouver-une-ressource/inscription-aupres-dun-medecin-de-famille
Quelle est la meilleure façon de chercher un médecin de famille ?                            ;Bonjour, veuillez prendre note que nous sommes en mesure de répondre seulement aux besoins d’accès aux données ouvertes. Vous pouvez trouver des informations concernant les procédures à suivre pour trouver un médecin de famille : https://www.quebec.ca/sante/trouver-une-ressource/inscription-aupres-dun-medecin-de-famille
Où chercher un médecin de famille dans ma région ?                                           ;Bonjour, veuillez prendre note que nous sommes en mesure de répondre seulement aux besoins d’accès aux données ouvertes. Vous pouvez trouver des informations concernant les procédures à suivre pour trouver un médecin de famille : https://www.quebec.ca/sante/trouver-une-ressource/inscription-aupres-dun-medecin-de-famille
Comment procéder pour inscrire chez un médecin de famille ?                                  ;Bonjour, veuillez prendre note que nous sommes en mesure de répondre seulement aux besoins d’accès aux données ouvertes. Vous pouvez trouver des informations concernant les procédures à suivre pour trouver un médecin de famille : https://www.quebec.ca/sante/trouver-une-ressource/inscription-aupres-dun-medecin-de-famille
Quelles ressources sont disponibles pour trouver un médecin de famille ?                     ;Bonjour, veuillez prendre note que nous sommes en mesure de répondre seulement aux besoins d’accès aux données ouvertes. Vous pouvez trouver des informations concernant les procédures à suivre pour trouver un médecin de famille : https://www.quebec.ca/sante/trouver-une-ressource/inscription-aupres-dun-medecin-de-famille
Existe-t-il une liste de médecins de famille acceptant de nouveaux patients ?                ;Bonjour, veuillez prendre note que nous sommes en mesure de répondre seulement aux besoins d’accès aux données ouvertes. Vous pouvez trouver des informations concernant les procédures à suivre pour trouver un médecin de famille : https://www.quebec.ca/sante/trouver-une-ressource/inscription-aupres-dun-medecin-de-famille
Quelle est la procédure pour prendre rendez-vous pour un examen médical ?                    ;Bonjour, vous trouverez plus d'information sur le sujet, ici: https://www.quebec.ca/sante/trouver-une-ressource
Comment faire pour obtenir un rendez-vous médical ?                                          ;Bonjour, vous trouverez plus d'information sur le sujet, ici: https://www.quebec.ca/sante/trouver-une-ressource
À qui dois-je m'adresser pour planifier un examen médical ?                                  ;Bonjour, vous trouverez plus d'information sur le sujet, ici: https://www.quebec.ca/sante/trouver-une-ressource
Quels sont les démarches pour réserver un examen médical ?                                   ;Bonjour, vous trouverez plus d'information sur le sujet, ici: https://www.quebec.ca/sante/trouver-une-ressource
De quelle manière puis-je organiser un rendez-vous pour un examen médical ?                  ;Bonjour, vous trouverez plus d'information sur le sujet, ici: https://www.quebec.ca/sante/trouver-une-ressource
Comment procéder pour fixer une date pour un examen médical ?                                ;Bonjour, vous trouverez plus d'information sur le sujet, ici: https://www.quebec.ca/sante/trouver-une-ressource
Où puis-je prendre un rendez-vous pour un examen médical ?                                   ;Bonjour, vous trouverez plus d'information sur le sujet, ici: https://www.quebec.ca/sante/trouver-une-ressource
Quels sites internet permettent de planifier un examen médical ?                             ;Bonjour, vous trouverez plus d'information sur le sujet, ici: https://www.quebec.ca/sante/trouver-une-ressource
Comment puis-je réserver un créneau pour un examen médical ?                                 ;Bonjour, vous trouverez plus d'information sur le sujet, ici: https://www.quebec.ca/sante/trouver-une-ressource
Quelle application recommandez-vous pour planifier des examens médicaux ?                    ;Bonjour, vous trouverez plus d'information sur le sujet, ici: https://www.quebec.ca/sante/trouver-une-ressource
Quelles sont les démarches pour arriver au Canada ?                                          ;Bonjour, veuillez prendre note que nous sommes en mesure de répondre seulement aux besoins d’accès aux données ouvertes. Vous pouvez trouver des informations concernant les procédures à suivre pour l'immigration sur le site Web Quebec.ca : https://www.quebec.ca/immigration.
Quelles démarches suivre pour immigrer au Québec ?                                           ;Bonjour, veuillez prendre note que nous sommes en mesure de répondre seulement aux besoins d’accès aux données ouvertes. Vous pouvez trouver des informations concernant les procédures à suivre pour l'immigration sur le site Web Quebec.ca : https://www.quebec.ca/immigration.
Quel est le processus pour venir s'établir au Canada ?                                       ;Bonjour, veuillez prendre note que nous sommes en mesure de répondre seulement aux besoins d’accès aux données ouvertes. Vous pouvez trouver des informations concernant les procédures à suivre pour l'immigration sur le site Web Quebec.ca : https://www.quebec.ca/immigration.
Quel est le processus pour s'établir au Québec ?                                             ;Bonjour, veuillez prendre note que nous sommes en mesure de répondre seulement aux besoins d’accès aux données ouvertes. Vous pouvez trouver des informations concernant les procédures à suivre pour l'immigration sur le site Web Quebec.ca : https://www.quebec.ca/immigration.
Comment faire pour déménager au Canada ?                                                     ;Bonjour, veuillez prendre note que nous sommes en mesure de répondre seulement aux besoins d’accès aux données ouvertes. Vous pouvez trouver des informations concernant les procédures à suivre pour l'immigration sur le site Web Quebec.ca : https://www.quebec.ca/immigration.
Comment faire pour déménager et vivre au Québec ?                                            ;Bonjour, veuillez prendre note que nous sommes en mesure de répondre seulement aux besoins d’accès aux données ouvertes. Vous pouvez trouver des informations concernant les procédures à suivre pour l'immigration sur le site Web Quebec.ca : https://www.quebec.ca/immigration.
De quelle manière puis-je m'installer au Canada ?                                            ;Bonjour, veuillez prendre note que nous sommes en mesure de répondre seulement aux besoins d’accès aux données ouvertes. Vous pouvez trouver des informations concernant les procédures à suivre pour l'immigration sur le site Web Quebec.ca : https://www.quebec.ca/immigration.
Quelles sont les étapes nécessaires pour immigrer au Québec ?                                ;Bonjour, veuillez prendre note que nous sommes en mesure de répondre seulement aux besoins d’accès aux données ouvertes. Vous pouvez trouver des informations concernant les procédures à suivre pour l'immigration sur le site Web Quebec.ca : https://www.quebec.ca/immigration.
Quels sont les étapes à suivre pour venir vivre au Canada ?                                  ;Bonjour, veuillez prendre note que nous sommes en mesure de répondre seulement aux besoins d’accès aux données ouvertes. Vous pouvez trouver des informations concernant les procédures à suivre pour l'immigration sur le site Web Quebec.ca : https://www.quebec.ca/immigration.
À qui m'adresser pour obtenir des informations sur l'immigration au Québec ?                 ;Bonjour, veuillez prendre note que nous sommes en mesure de répondre seulement aux besoins d’accès aux données ouvertes. Vous pouvez trouver des informations concernant les procédures à suivre pour l'immigration sur le site Web Quebec.ca : https://www.quebec.ca/immigration.
À qui m'adresser pour obtenir de l'aide pour venir au Canada ?                               ;Bonjour, veuillez prendre note que nous sommes en mesure de répondre seulement aux besoins d’accès aux données ouvertes. Vous pouvez trouver des informations concernant les procédures à suivre pour l'immigration sur le site Web Quebec.ca : https://www.quebec.ca/immigration.
Quels documents sont nécessaires pour immigrer au Québec ?                                   ;Bonjour, veuillez prendre note que nous sommes en mesure de répondre seulement aux besoins d’accès aux données ouvertes. Vous pouvez trouver des informations concernant les procédures à suivre pour l'immigration sur le site Web Quebec.ca : https://www.quebec.ca/immigration.
Quels documents sont nécessaires pour venir au Canada ?                                      ;Bonjour, veuillez prendre note que nous sommes en mesure de répondre seulement aux besoins d’accès aux données ouvertes. Vous pouvez trouver des informations concernant les procédures à suivre pour l'immigration sur le site Web Quebec.ca : https://www.quebec.ca/immigration.
Comment obtenir un visa pour vivre au Québec ?                                               ;Bonjour, veuillez prendre note que nous sommes en mesure de répondre seulement aux besoins d’accès aux données ouvertes. Vous pouvez trouver des informations concernant les procédures à suivre pour l'immigration sur le site Web Quebec.ca : https://www.quebec.ca/immigration.
Quelles procédures suivre pour m'installer au Canada ?                                       ;Bonjour, veuillez prendre note que nous sommes en mesure de répondre seulement aux besoins d’accès aux données ouvertes. Vous pouvez trouver des informations concernant les procédures à suivre pour l'immigration sur le site Web Quebec.ca : https://www.quebec.ca/immigration.
Quelles sont les conditions spécifiques pour l'immigration au Québec ?                       ;Bonjour, veuillez prendre note que nous sommes en mesure de répondre seulement aux besoins d’accès aux données ouvertes. Vous pouvez trouver des informations concernant les procédures à suivre pour l'immigration sur le site Web Quebec.ca : https://www.quebec.ca/immigration.
Comment organiser mon arrivée au Canada ?                                                    ;Bonjour, veuillez prendre note que nous sommes en mesure de répondre seulement aux besoins d’accès aux données ouvertes. Vous pouvez trouver des informations concernant les procédures à suivre pour l'immigration sur le site Web Quebec.ca : https://www.quebec.ca/immigration.
Comment procéder pour s'installer légalement au Québec ?                                     ;Bonjour, veuillez prendre note que nous sommes en mesure de répondre seulement aux besoins d’accès aux données ouvertes. Vous pouvez trouver des informations concernant les procédures à suivre pour l'immigration sur le site Web Quebec.ca : https://www.quebec.ca/immigration.
Quelles options ai-je pour m'établir au Canada ?                                             ;Bonjour, veuillez prendre note que nous sommes en mesure de répondre seulement aux besoins d’accès aux données ouvertes. Vous pouvez trouver des informations concernant les procédures à suivre pour l'immigration sur le site Web Quebec.ca : https://www.quebec.ca/immigration.
Quels sont les programmes d'immigration disponibles pour le Québec ?                         ;Bonjour, veuillez prendre note que nous sommes en mesure de répondre seulement aux besoins d’accès aux données ouvertes. Vous pouvez trouver des informations concernant les procédures à suivre pour l'immigration sur le site Web Quebec.ca : https://www.quebec.ca/immigration.
Quel est le processus d'immigration au Canada ?                                              ;Bonjour, veuillez prendre note que nous sommes en mesure de répondre seulement aux besoins d’accès aux données ouvertes. Vous pouvez trouver des informations concernant les procédures à suivre pour l'immigration sur le site Web Quebec.ca : https://www.quebec.ca/immigration.
Comment faire pour immigrer légalement au Canada ?                                           ;Bonjour, veuillez prendre note que nous sommes en mesure de répondre seulement aux besoins d’accès aux données ouvertes. Vous pouvez trouver des informations concernant les procédures à suivre pour l'immigration sur le site Web Quebec.ca : https://www.quebec.ca/immigration.
Quelles démarches suivre pour obtenir la résidence canadienne ?                              ;Bonjour, veuillez prendre note que nous sommes en mesure de répondre seulement aux besoins d’accès aux données ouvertes. Vous pouvez trouver des informations concernant les procédures à suivre pour l'immigration sur le site Web Quebec.ca : https://www.quebec.ca/immigration.
Quel est le parcours pour s'installer définitivement au Canada ?                             ;Bonjour, veuillez prendre note que nous sommes en mesure de répondre seulement aux besoins d’accès aux données ouvertes. Vous pouvez trouver des informations concernant les procédures à suivre pour l'immigration sur le site Web Quebec.ca : https://www.quebec.ca/immigration.
De quelle manière puis-je débuter mon processus d'immigration au Canada ?                    ;Bonjour, veuillez prendre note que nous sommes en mesure de répondre seulement aux besoins d’accès aux données ouvertes. Vous pouvez trouver des informations concernant les procédures à suivre pour l'immigration sur le site Web Quebec.ca : https://www.quebec.ca/immigration.
Quelles procédures sont nécessaires pour immigrer au Canada ?                                ;Bonjour, veuillez prendre note que nous sommes en mesure de répondre seulement aux besoins d’accès aux données ouvertes. Vous pouvez trouver des informations concernant les procédures à suivre pour l'immigration sur le site Web Quebec.ca : https://www.quebec.ca/immigration.
Quels documents dois-je préparer pour mon immigration au Canada ?                            ;Bonjour, veuillez prendre note que nous sommes en mesure de répondre seulement aux besoins d’accès aux données ouvertes. Vous pouvez trouver des informations concernant les procédures à suivre pour l'immigration sur le site Web Quebec.ca : https://www.quebec.ca/immigration.
Comment planifier mon immigration au Canada ?                                                ;Bonjour, veuillez prendre note que nous sommes en mesure de répondre seulement aux besoins d’accès aux données ouvertes. Vous pouvez trouver des informations concernant les procédures à suivre pour l'immigration sur le site Web Quebec.ca : https://www.quebec.ca/immigration.
À qui dois-je m'adresser pour lancer une procédure d'immigration au Canada ?                 ;Bonjour, veuillez prendre note que nous sommes en mesure de répondre seulement aux besoins d’accès aux données ouvertes. Vous pouvez trouver des informations concernant les procédures à suivre pour l'immigration sur le site Web Quebec.ca : https://www.quebec.ca/immigration.
Quels sont les prérequis pour une demande d'immigration au Canada ?                          ;Bonjour, veuillez prendre note que nous sommes en mesure de répondre seulement aux besoins d’accès aux données ouvertes. Vous pouvez trouver des informations concernant les procédures à suivre pour l'immigration sur le site Web Quebec.ca : https://www.quebec.ca/immigration.
Quelle est la procédure pour immigrer au Canada ?                                            ;Bonjour, veuillez prendre note que nous sommes en mesure de répondre seulement aux besoins d’accès aux données ouvertes. Vous pouvez trouver des informations concernant les procédures à suivre pour l'immigration sur le site Web Quebec.ca : https://www.quebec.ca/immigration.
Comment faire pour immigrer au Canada ?                                                      ;Bonjour, veuillez prendre note que nous sommes en mesure de répondre seulement aux besoins d’accès aux données ouvertes. Vous pouvez trouver des informations concernant les procédures à suivre pour l'immigration sur le site Web Quebec.ca : https://www.quebec.ca/immigration.
Quels sont les étapes nécessaires pour immigrer au Canada ?                                  ;Bonjour, veuillez prendre note que nous sommes en mesure de répondre seulement aux besoins d’accès aux données ouvertes. Vous pouvez trouver des informations concernant les procédures à suivre pour l'immigration sur le site Web Quebec.ca : https://www.quebec.ca/immigration.
De quelle manière puis-je m'installer au Canada ?                                            ;Bonjour, veuillez prendre note que nous sommes en mesure de répondre seulement aux besoins d’accès aux données ouvertes. Vous pouvez trouver des informations concernant les procédures à suivre pour l'immigration sur le site Web Quebec.ca : https://www.quebec.ca/immigration.
Comment faire pour déménager au Canada ?                                                     ;Bonjour, veuillez prendre note que nous sommes en mesure de répondre seulement aux besoins d’accès aux données ouvertes. Vous pouvez trouver des informations concernant les procédures à suivre pour l'immigration sur le site Web Quebec.ca : https://www.quebec.ca/immigration.
Quels sont les démarches pour immigrer au Canada ?                                           ;Bonjour, veuillez prendre note que nous sommes en mesure de répondre seulement aux besoins d’accès aux données ouvertes. Vous pouvez trouver des informations concernant les procédures à suivre pour l'immigration sur le site Web Quebec.ca : https://www.quebec.ca/immigration.
Quel processus suivre pour s'établir au Canada ?                                             ;Bonjour, veuillez prendre note que nous sommes en mesure de répondre seulement aux besoins d’accès aux données ouvertes. Vous pouvez trouver des informations concernant les procédures à suivre pour l'immigration sur le site Web Quebec.ca : https://www.quebec.ca/immigration.
Quel est le processus pour s'établir au Canada ?                                             ;Bonjour, veuillez prendre note que nous sommes en mesure de répondre seulement aux besoins d’accès aux données ouvertes. Vous pouvez trouver des informations concernant les procédures à suivre pour l'immigration sur le site Web Quebec.ca : https://www.quebec.ca/immigration.
Comment obtenir la résidence au Canada ?                                                     ;Bonjour, veuillez prendre note que nous sommes en mesure de répondre seulement aux besoins d’accès aux données ouvertes. Vous pouvez trouver des informations concernant les procédures à suivre pour l'immigration sur le site Web Quebec.ca : https://www.quebec.ca/immigration.
Comment dois-je procéder pour immigrer au Canada ?                                           ;Bonjour, veuillez prendre note que nous sommes en mesure de répondre seulement aux besoins d’accès aux données ouvertes. Vous pouvez trouver des informations concernant les procédures à suivre pour l'immigration sur le site Web Quebec.ca : https://www.quebec.ca/immigration.
De quelle manière puis-je m'établir au Canada ?                                              ;Bonjour, veuillez prendre note que nous sommes en mesure de répondre seulement aux besoins d’accès aux données ouvertes. Vous pouvez trouver des informations concernant les procédures à suivre pour l'immigration sur le site Web Quebec.ca : https://www.quebec.ca/immigration.
De quelle façon immigrer au Canada ?                                                         ;Bonjour, veuillez prendre note que nous sommes en mesure de répondre seulement aux besoins d’accès aux données ouvertes. Vous pouvez trouver des informations concernant les procédures à suivre pour l'immigration sur le site Web Quebec.ca : https://www.quebec.ca/immigration.
Quelles démarches effectuer pour immigrer au Canada ?                                        ;Bonjour, veuillez prendre note que nous sommes en mesure de répondre seulement aux besoins d’accès aux données ouvertes. Vous pouvez trouver des informations concernant les procédures à suivre pour l'immigration sur le site Web Quebec.ca : https://www.quebec.ca/immigration.
Quelles étapes suivre pour m'installer au Canada ?                                           ;Bonjour, veuillez prendre note que nous sommes en mesure de répondre seulement aux besoins d’accès aux données ouvertes. Vous pouvez trouver des informations concernant les procédures à suivre pour l'immigration sur le site Web Quebec.ca : https://www.quebec.ca/immigration.
À qui m'adresser pour immigrer au Canada ?                                                   ;Bonjour, veuillez prendre note que nous sommes en mesure de répondre seulement aux besoins d’accès aux données ouvertes. Vous pouvez trouver des informations concernant les procédures à suivre pour l'immigration sur le site Web Quebec.ca : https://www.quebec.ca/immigration.
Comment m'y prendre pour immigrer au Canada ?                                                ;Bonjour, veuillez prendre note que nous sommes en mesure de répondre seulement aux besoins d’accès aux données ouvertes. Vous pouvez trouver des informations concernant les procédures à suivre pour l'immigration sur le site Web Quebec.ca : https://www.quebec.ca/immigration.
Quels documents sont nécessaires pour immigrer au Canada ?                                   ;Bonjour, veuillez prendre note que nous sommes en mesure de répondre seulement aux besoins d’accès aux données ouvertes. Vous pouvez trouver des informations concernant les procédures à suivre pour l'immigration sur le site Web Quebec.ca : https://www.quebec.ca/immigration.
Quelles actions entreprendre pour immigrer au Canada ?                                       ;Bonjour, veuillez prendre note que nous sommes en mesure de répondre seulement aux besoins d’accès aux données ouvertes. Vous pouvez trouver des informations concernant les procédures à suivre pour l'immigration sur le site Web Quebec.ca : https://www.quebec.ca/immigration.
Comment puis-je faire une demande d'immigration au Canada ?                                  ;Bonjour, veuillez prendre note que nous sommes en mesure de répondre seulement aux besoins d’accès aux données ouvertes. Vous pouvez trouver des informations concernant les procédures à suivre pour l'immigration sur le site Web Quebec.ca : https://www.quebec.ca/immigration.


