model_input;prompt;model_output;target_output;scores
Quelle est la date de dernière modification des métadonnées du jeu de données Arbres ?;Quelle est la date de dernière modification des métadonnées du jeu de données Arbres ?;" Je suis désolé, mais je ne peux pas répondre adéquatement à votre question en utilisant les informations fournies. Les métadonnées du jeu de données ""Arbres"" n'apparaissent pas dans la liste des jeux de données que vous avez fournis. Si vous pouvez me fournir des informations supplémentaires sur ce jeu de données, je serai heureux de vous les aider. Sinon, je suis incapable de donner une réponse précise.

Pour accéder aux métadonnées de jeux de données sur le portail Données Québec, vous pouvez consulter la section ""Fiches descriptives du jeu de données"" sur le site web du portail et rechercher le jeu de données ""Arbres"" par son titre ou son identifiant. Les informations sur la date de dernière modification des métadonnées devraient être disponibles dans la fiche descriptive du jeu de données.";1er mars 2024.<OR>Le jeu de données Arbres a été modifié pour la dernière fois le 1er mars 2024.<OR>Le dernier jour où le jeu de données Arbres a été modifié est le 1er mars 2024.;[{'name': 'f1_score', 'value': 0.17777777777777778}, {'name': 'exact_match_score', 'value': 0.0}, {'name': 'quasi_exact_match_score', 'value': 0.0}, {'name': 'precision_over_words', 'value': 0.10526315789473684}, {'name': 'recall_over_words', 'value': 0.5714285714285714}]
Quel est l'objectif principal de Donneesquebec.ca?;Quel est l'objectif principal de Donneesquebec.ca?;" Le principal objectif de Données Québec (donneesquebec.ca) est de fournir un accès libre et facile aux données publiques de l'État du Québec, en collaboration avec les villes et d'autres organisations. Ce portail propose 1412 jeux de données provenant de 104 organisations, telles que 39 applications, 21 ministères, 21 villes, 35 organismes publics, et 21 organismes de la société civile. Les utilisateurs peuvent utiliser ces données pour des fins d'études, de recherche, ou de création d'applications, sans nécessiter aucune information personnelle.

Pour en savoir plus sur les applications, vous pouvez consulter le lien suivant : <https://www.donneesquebec.ca/recherche/applications>.
Pour diffuser des données, veuillez consulter : <https://www.donneesquebec.ca/diffusion/>.
Pour les statistiques du portail, regardez : <https://www.donneesquebec.ca/recherche/stats>.
Pour plus d'informations sur les organisations, explorez : <https://www.donneesquebec.ca/recherche/organization>.
Pour accéder à la carte interactive, accédez à : <https://www.carte-igo.donneesquebec.ca/igo2/apercu-qc/>.

Si vous avez des questions supplémentaires ou si votre question est plus spécifique, n'hésitez pas à me demander. Je suis heureux de vous aider.";portail commun<OR> gouvernement du Québec  <OR> une seule porte d’entrée <OR> jeux de données ouvertes du Québec.;[{'name': 'f1_score', 'value': 0.09433962264150944}, {'name': 'exact_match_score', 'value': 0.0}, {'name': 'quasi_exact_match_score', 'value': 0.0}, {'name': 'precision_over_words', 'value': 0.05}, {'name': 'recall_over_words', 'value': 0.8333333333333334}]
Quelle est la langue du jeu de données Arbres ?;Quelle est la langue du jeu de données Arbres ?;" Le jeu de données intitulé ""atlas-des-elections-au-quebec"" est en français. Toutes les descriptions et informations associées à ce jeu de données sont également en français.";français.<OR>Les données du jeu Arbres sont en français.<OR>Arbres est un jeu de données en français.<OR>Le jeu de données Arbres est en langue française.;[{'name': 'f1_score', 'value': 0.4444444444444444}, {'name': 'exact_match_score', 'value': 0.0}, {'name': 'quasi_exact_match_score', 'value': 0.0}, {'name': 'precision_over_words', 'value': 0.3157894736842105}, {'name': 'recall_over_words', 'value': 1.0}]
peux-tu me donne le nom des joueurs des Canadiens?;peux-tu me donne le nom des joueurs des Canadiens?; Je désole, mais le portail Données Québec ne propose pas des jeux de données contenant des informations sur les joueurs des équipes sportives telles que les Canadiens. Vous pouvez consulter le site officiel de l'équipe ou une agence de presse sportive pour obtenir ces informations. Je vous souhaite une bonne continuation dans votre recherche.;je regrette<OR>ne contiennent pas d'information<OR>je sais pas<OR>je suis désolé<OR>je ne peux pas répondre;[{'name': 'f1_score', 'value': 0.125}, {'name': 'exact_match_score', 'value': 0.0}, {'name': 'quasi_exact_match_score', 'value': 0.0}, {'name': 'precision_over_words', 'value': 0.06976744186046512}, {'name': 'recall_over_words', 'value': 0.6666666666666666}]
Quelle est l\'organisation responsable de la publication de ce jeu de données ? 08_adultes-a-l-aide-financiere-de-dernier-recours;Quelle est l\'organisation responsable de la publication de ce jeu de données ? 08_adultes-a-l-aide-financiere-de-dernier-recours; Je suis désolé, mais je ne peux pas répondre adéquatement à votre question à partir des informations disponibles. Le jeu de données que vous mentionnez n'est pas présent dans la liste fournie, donc je ne sais pas quelle organisation est responsable de sa publication. Vous pouvez consulter le portail Données Québec pour en rechercher plus d'informations : <https://www.donneesquebec.ca/recherche/organization>. Si vous avez d'autres questions ou si je peux vous aider avec quelque chose d'autre, n'hésitez pas à me demander.; description non trouvée <OR>trouve pas <OR> inconnue;[{'name': 'f1_score', 'value': 0.03225806451612903}, {'name': 'exact_match_score', 'value': 0.0}, {'name': 'quasi_exact_match_score', 'value': 0.0}, {'name': 'precision_over_words', 'value': 0.016666666666666666}, {'name': 'recall_over_words', 'value': 0.5}]
Pouvez-vous fournir les coordonnées de l\'auteur du jeu de données 03_clientele-a-l-aide-financiere-de-dernier-recours ?;Pouvez-vous fournir les coordonnées de l\'auteur du jeu de données 03_clientele-a-l-aide-financiere-de-dernier-recours ?;" Je suis désolé, je ne peux pas répondre adéquatement à votre question car le jeu de données ""03_clientele-a-l-aide-financiere-de-dernier-recours"" n'est pas dans la liste de jeux de données fournis et aucune information sur l'auteur n'est disponible dans le jeu de données que j'ai accès. Vous pouvez consulter la page du jeu de données sur le portail Données Québec en utilisant la recherche ou en suivant ce lien : <https://www.donneesquebec.ca/recherche/dataset/03_clientele-a-l-aide-financiere-de-dernier-recours>. Il y a peut-être des informations supplémentaires disponibles sur l'auteur ou la documentation associée au jeu de données.";DSIG@mtess.gouv.qc.ca <OR> e-mail de l'auteur : DSIG@mtess.gouv.qc.ca <OR> contact de l'auteur : DSIG@mtess.gouv.qc.ca;[{'name': 'f1_score', 'value': 0.06557377049180328}, {'name': 'exact_match_score', 'value': 0.0}, {'name': 'quasi_exact_match_score', 'value': 0.0}, {'name': 'precision_over_words', 'value': 0.03508771929824561}, {'name': 'recall_over_words', 'value': 0.5}]
Quel est l'objet du jeu de données intitulé 02_clientele-programme-objectif-emploi ?;Quel est l'objet du jeu de données intitulé 02_clientele-programme-objectif-emploi ?;" Le jeu de données intitulé ""02\_clientele-programme-objectif-emploi"" contient des statistiques sur la clientèle au Programme Objectif Emploi et du montant des prestations de base versées aux ménages.";Programme Objectif Emploi <OR> clientèle du Programme Objectif Emploi <OR> données du Programme Objectif Emploi;[{'name': 'f1_score', 'value': 0.3448275862068966}, {'name': 'exact_match_score', 'value': 0.0}, {'name': 'quasi_exact_match_score', 'value': 0.0}, {'name': 'precision_over_words', 'value': 0.20833333333333334}, {'name': 'recall_over_words', 'value': 1.0}]
Quel est le titre du jeu de données ?;Quel est le titre du jeu de données ?;" Based on the information provided, the titles of the datasets are ""cadre-financier-pluriannuel-du-gouvernement-du-quebec-publie-dans-le-rapport-preelectoral"", ""admission-de-personnes-immigrantes-au-quebec-trimestriel"", and ""avis-non-conformite-controle-routier"".";Arbres.<OR>Le jeu de données s'intitule Arbres.<OR>Le nom du jeu de données est Arbres.<OR>Arbres est le titre du jeu de données.;[{'name': 'f1_score', 'value': 0.0}, {'name': 'exact_match_score', 'value': 0.0}, {'name': 'quasi_exact_match_score', 'value': 0.0}, {'name': 'precision_over_words', 'value': 0.0}, {'name': 'recall_over_words', 'value': 0.0}]
À qui devrais-je m'adresser pour obtenir des informations sur ce jeu de données géomatiques 04880bdf6ffa40ababfa900c2ef45b3c_0 ?;À qui devrais-je m'adresser pour obtenir des informations sur ce jeu de données géomatiques 04880bdf6ffa40ababfa900c2ef45b3c_0 ?; Je suis désolé, mais je ne peux pas répondre adéquatement à votre question car le jeu de données que vous mentionnez n'est pas présent dans la liste fournie. Les informations que j'ai à disposition concernent seulement les jeux de données de Données Québec que je vous ai fournis dans la liste. Si vous pouvez me donner plus de détails sur ce jeu de données, je serai heureux de vous le guider vers les ressources appropriées. Sinon, je vous invite à consulter le portail Données Québec pour trouver plus d'informations sur les jeux de données disponibles et les organisations responsables de leur diffusion.;ville-de-sherbrooke-donnees-geomatiques <OR>  Sherbrooke;[{'name': 'f1_score', 'value': 0.0}, {'name': 'exact_match_score', 'value': 0.0}, {'name': 'quasi_exact_match_score', 'value': 0.0}, {'name': 'precision_over_words', 'value': 0.0}, {'name': 'recall_over_words', 'value': 0.0}]
Quel est l'emplacement géographique couvert par le jeu de données Arbres ?;Quel est l'emplacement géographique couvert par le jeu de données Arbres ?;Error;Le jeu de données Arbres couvre l'emplacement géographique de la ville de Longueuil, au Québec, Canada.<OR>Les données sur les arbres concernent la ville de Longueuil, au Québec, Canada.<OR>Longueuil, au Québec, Canada, est l'emplacement géographique couvert par le jeu de données Arbres.<OR>Arbres est un jeu de données qui concerne la ville de Longueuil, au Québec, Canada.;[{'name': 'f1_score', 'value': 0.0}, {'name': 'exact_match_score', 'value': 0.0}, {'name': 'quasi_exact_match_score', 'value': 0.0}, {'name': 'precision_over_words', 'value': 0.0}, {'name': 'recall_over_words', 'value': 0.0}]
Quelle organisation est responsable du jeu de données Arbres ?;Quelle organisation est responsable du jeu de données Arbres ?;" Based on the information provided in the datasets you have given me, I cannot definitively answer that question as the organization responsible for the ""Arbres"" dataset is not specified in the metadata. However, I can suggest looking at the ""craq-consultation-du-repertoire-des-arbres-de-la-ville-de-quebec"" dataset, as it mentions a non-specified organization in its description. If that is not the dataset you were asking about, please let me know and I will do my best to help you find the information you need.

For further information or resources related to the datasets, you can visit the following links:
- Applications: https://www.donneesquebec.ca/recherche/applications.
- Data diffusion: https://www.donneesquebec.ca/diffusion/.
- Statistics: https://www.donneesquebec.ca/recherche/stats.
- Organizations: https://www.donneesquebec.ca/recherche/organization.
- Interactive map: https://www.carte-igo.donneesquebec.ca/igo2/apercu-qc/.

I will always strive to provide accurate and relevant information, and I will guide you to the appropriate resources for any questions that fall outside of my area of expertise. I will also ensure that my responses are professional, respectful, and clear for all users.

Please note that I am an assistant designed to help answer questions related to the information provided in the datasets and the Données Québec portal. I do not have the ability to access or manipulate external data or systems. I am here to facilitate your interaction with the Données Québec portal and provide guidance on how to use its resources effectively.

I hope this information is helpful. Let me know if you have any further questions or if there is anything else I can assist you with.";la Ville de Longueuil.<OR>La Ville de Longueuil est responsable du jeu de données Arbres.<OR>Le jeu de données Arbres est géré par la Ville de Longueuil.<OR>La responsabilité du jeu de données Arbres incombe à la Ville de Longueuil.;[{'name': 'f1_score', 'value': 0.03007518796992481}, {'name': 'exact_match_score', 'value': 0.0}, {'name': 'quasi_exact_match_score', 'value': 0.0}, {'name': 'precision_over_words', 'value': 0.016260162601626018}, {'name': 'recall_over_words', 'value': 0.2}]
 Quelle est la date de création de la métadonnée de ce jeu de données ? 04880bdf6ffa40ababfa900c2ef45b3c_0; Quelle est la date de création de la métadonnée de ce jeu de données ? 04880bdf6ffa40ababfa900c2ef45b3c_0; Je regrette, mais il n'y a pas de date de création de métadonnées disponible dans les informations fournies pour le jeu de données avec l'identifiant 04880bdf6ffa40ababfa900c2ef45b3c\_0. Si vous avez besoin d'autres informations sur ce jeu de données, je vous invite à consulter la page du jeu de données sur le portail Données Québec ou à contacter directement l'organisation responsable de la publication des données.;28 janvier 2019 à 14h35min07s <OR> métadonnée du jeu de données <OR> date de création de la métadonnée <OR> date de création du jeu de données <OR> 28 janvier 2019 à 14h35 <OR> 28 janvier 2019 à 2:35 PM <OR> 28 janvier 2019 à 14:35:07;[{'name': 'f1_score', 'value': 0.24}, {'name': 'exact_match_score', 'value': 0.0}, {'name': 'quasi_exact_match_score', 'value': 0.0}, {'name': 'precision_over_words', 'value': 0.13636363636363635}, {'name': 'recall_over_words', 'value': 1.0}]
Comment puis-je accéder à la carte interactive ?;Comment puis-je accéder à la carte interactive ?;" Vous pouvez accéder à la carte interactive en visitant le portail Données Québec et en recherchant le jeu de données spécifique. Par exemple, si vous cherchez la carte interactive ""Forêt ouverte"", vous pouvez accéder à son page en suivant ce lien : <https://www.donneesquebec.ca/recherche/dataset/5206d8bd-45cf-4842-802d-26e9a7b021f0>.

Si vous cherchez la carte interactive ""Carte interactive qui répertorie les entraves à la circulation majeures sur le réseau routier de Repentigny"", vous pouvez la trouver en suivant ce lien : <https://www.donneesquebec.ca/recherche/dataset/a201ab69-0777-4a93-abed-ed89eaab7fa2>.

Une fois sur la page du jeu de données, vous pouvez utiliser les fonctionnalités offertes par le portail pour accéder à la carte interactive directement.

Si vous avez des difficultés à trouver le jeu de données spécifique, vous pouvez utiliser les ressources suivantes :

* Pour les applications, visitez <https://www.donneesquebec.ca/recherche/applications>.
* Pour diffuser des données, consultez <https://www.donneesquebec.ca/diffusion/>.
* Pour les statistiques du portail, regardez <https://www.donneesquebec.ca/recherche/stats>.
* Pour les informations sur les organisations, explorez <https://www.donneesquebec.ca/recherche/organization>.
* Pour la carte interactive, accédez à <https://www.carte-igo.donneesquebec.ca/igo2/apercu-qc/>.

Je suis heureux de vous aider. Si vous avez d'autres questions, ne hesitez pas à me poser.";https://www.carte-igo.donneesquebec.ca/igo2/apercu-qc/ <OR> lien vers la carte interactive:  https://www.carte-igo.donneesquebec.ca/igo2/apercu-qc/ ;[{'name': 'f1_score', 'value': 0.1149425287356322}, {'name': 'exact_match_score', 'value': 0.0}, {'name': 'quasi_exact_match_score', 'value': 0.0}, {'name': 'precision_over_words', 'value': 0.06172839506172839}, {'name': 'recall_over_words', 'value': 1.0}]
Est-ce qu'il y a des données de carte des pistes cyclables de Boucherville?;Est-ce qu'il y a des données de carte des pistes cyclables de Boucherville?; Je suis désolé, mais les données de cartes de pistes cyclables de Boucherville ne figurent pas dans les informations disponibles sur le portail Données Québec. Cependant, vous pouvez consulter le site de la Ville de Boucherville ou de Ville de Montréal pour obtenir des informations plus précises sur les pistes cyclables dans ces villes. Je vous souhaite une bonne recherche!;Non, il n'y a pas de données de carte des pistes cyclables de Boucherville<OR>je regrette<OR>ne contiennent pas d'information<OR>je sais pas<OR>je suis désolé<OR>je ne peux pas répondre;[{'name': 'f1_score', 'value': 0.2692307692307693}, {'name': 'exact_match_score', 'value': 0.0}, {'name': 'quasi_exact_match_score', 'value': 0.0}, {'name': 'precision_over_words', 'value': 0.17073170731707318}, {'name': 'recall_over_words', 'value': 1.0}]
Quel est l'adresse e-mail de l'auteur du jeu de données Arbres ?;Quel est l'adresse e-mail de l'auteur du jeu de données Arbres ?;" Je suis désolé, mais l'information sur l'adresse e-mail de l'auteur n'est pas disponible dans les métadonnées du jeu de données ""Arbres"" de Données Québec que j'ai accès à. Je vous invite donc de consulter directement le lien de contact fourni dans la section ""À propos de la Fondation Lionel-Groulx"" dans la description du jeu de données pour obtenir des informations supplémentaires.";geomatique@longueuil.quebec.<OR>L'auteur du jeu de données Arbres peut être contacté à l'adresse e-mail geomatique@longueuil.quebec.<OR>Contactez l'auteur du jeu de données Arbres à l'adresse e-mail geomatique@longueuil.quebec.<OR>Vous pouvez envoyer un e-mail à l'auteur du jeu de données Arbres à geomatique@longueuil.quebec.;[{'name': 'f1_score', 'value': 0.3214285714285714}, {'name': 'exact_match_score', 'value': 0.0}, {'name': 'quasi_exact_match_score', 'value': 0.0}, {'name': 'precision_over_words', 'value': 0.2}, {'name': 'recall_over_words', 'value': 0.8181818181818182}]
Quelles sont les tags associés au jeu de données Arbres ?;Quelles sont les tags associés au jeu de données Arbres ?;" Je suis désolé, mais le jeu de données ""Arbres"" n'apparaît pas dans la liste de jeux de données fournis. Cependant, je peux vous fournir des informations sur les tags associés aux jeux de données ""atlas-des-elections-au-quebec"" et ""biomasse-et-carbone-forestiers-du-quebec-meridional"" si cela vous intéresse.

Pour le jeu de données ""atlas-des-elections-au-quebec"", les tags associés comprennent : élections, Québec, résultats électoraux, Pierre Drouilly, statistiques électorales, et historique électoral.

Pour le jeu de données ""biomasse-et-carbone-forestiers-du-quebec-meridional"", les tags associés comprennent : forêts, carbone, biomasse, Québec, MRNF, et écologie forestière.

Si vous recherchez des informations spécifiques sur un jeu de données différent, ne hesitez pas à me le demander."; Arbre, Arbuste, Conifère, Feuillu, HackQC18 et HackQC20.<OR>Les différents tags attribués au jeu de données Arbres incluent Arbre, Arbuste, Conifère, Feuillu, HackQC18 et HackQC20.<OR>Arbre, Arbuste, Conifère, Feuillu, HackQC18 et HackQC20 sont les tags associés au jeu de données Arbres.<OR>Les tags Arbre, Arbuste, Conifère, Feuillu, HackQC18 et HackQC20 sont liés au jeu de données sur les Arbres.;[{'name': 'f1_score', 'value': 0.21052631578947367}, {'name': 'exact_match_score', 'value': 0.0}, {'name': 'quasi_exact_match_score', 'value': 0.0}, {'name': 'precision_over_words', 'value': 0.13333333333333333}, {'name': 'recall_over_words', 'value': 0.5}]
Bonjour;Bonjour; Je m'excuse, je ne peux pas répondre adéquatement à votre question à partir des informations que j'ai. Si vous avez une question spécifique sur Données Québec, je vous invite à consulter les ressources supplémentaires que j'ai mentionnées précédemment. Vous pouvez visiter notre plateforme web pour rechercher des applications, diffuser des données, consulter des statistiques, obtenir des informations sur les organisations, ou utiliser notre carte interactive. Si vous avez une question plus précise, je serai heureux de vous fournir des renseignements pertinents.;Bonjour<OR>comment puis-je vous aider?<OR>je peux vous fournir des informations sur Données Québec;[{'name': 'f1_score', 'value': 0.2857142857142857}, {'name': 'exact_match_score', 'value': 0.0}, {'name': 'quasi_exact_match_score', 'value': 0.0}, {'name': 'precision_over_words', 'value': 0.16666666666666666}, {'name': 'recall_over_words', 'value': 1.0}]
Quel est le statut du jeu de données Arbres ?;Quel est le statut du jeu de données Arbres ?;" Le jeu de données ""Arbres"" que vous recherchez n'apparaît pas dans la liste de jeux de données fournis. Cependant, je peux vous fournir des informations sur un jeu de données intitulé ""CRAQ - Consultation du répertoire des arbres de la ville de Québec"". Ce jeu de données permet de facilement interroger et d'afficher le contenu de la base de données des arbres répertoriés dans la ville de Québec. Les informations sont filtrées selon différents critères descriptifs ou géographiques et sont présentées avec des informations sur la localisation et les caractéristiques physiques des arbres.

Si vous cherchiez des informations sur un autre jeu de données intitulé ""Arbres"", je vous invite à consulter la section ""Fiches descriptives du jeu de données"" sur le portail Données Québec pour en obtenir plus d'informations. Vous pouvez également utiliser les ressources supplémentaires fournies dans mon message d'ouverture pour explorer d'autres jeux de données pertinents.

Je suis heureux de vous aider avec d'autres questions que vous pourriez avoir sur ces jeux de données ou sur le portail Données Québec en général.";actif.<OR>Le jeu de données Arbres est actif.<OR>Le statut d'activité du jeu de données Arbres est actif.<OR>Le jeu de données Arbres est actuellement actif.;[{'name': 'f1_score', 'value': 0.12244897959183672}, {'name': 'exact_match_score', 'value': 0.0}, {'name': 'quasi_exact_match_score', 'value': 0.0}, {'name': 'precision_over_words', 'value': 0.06818181818181818}, {'name': 'recall_over_words', 'value': 0.7142857142857143}]
Quelle entité est responsable de la publication du jeu de données 04_clientele-au-programme-de-revenu-de-base ?;Quelle entité est responsable de la publication du jeu de données 04_clientele-au-programme-de-revenu-de-base ?;" Le jeu de données 04\_clientele-au-programme-de-revenu-de-base est publié par l'Ministère des Finances du Québec. Vous pouvez trouver d'autres informations sur cette organisation en consultant la page de recherche des organisations sur le portail Données Québec : <https://www.donneesquebec.ca/recherche/organization/organization/10.11015>.

Si vous avez d'autres questions ou si vous cherchez des informations sur d'autres jeux de données, ne hesitez pas à me poser une autre question. Je suis heureux de vous aider.";Direction de l'analyse et de l'information de gestion <OR> 04_clientele-au-programme-de-revenu-de-base <OR> auteur du jeu de données <OR> source de données <OR> jeu de données sur la clientèle du programme de revenu de base;[{'name': 'f1_score', 'value': 0.20689655172413796}, {'name': 'exact_match_score', 'value': 0.0}, {'name': 'quasi_exact_match_score', 'value': 0.0}, {'name': 'precision_over_words', 'value': 0.125}, {'name': 'recall_over_words', 'value': 1.0}]
Comment puis-je contacter l'auteur de ce jeu de données  04880bdf6ffa40ababfa900c2ef45b3c_0 ?;Comment puis-je contacter l'auteur de ce jeu de données  04880bdf6ffa40ababfa900c2ef45b3c_0 ?;" Je désole, mais je ne peux pas répondre adéquatement à votre question car le jeu de données avec l'identifiant ""04880bdf6ffa40ababfa900c2ef45b3c\_0"" n'est pas présent dans la liste de jeux de données fournis. Pour contacter l'auteur d'un jeu de données, vous pouvez consulter les informations fournies dans la description du jeu de données sur le portail Données Québec. Les informations de contact de l'auteur sont souvent incluses dans la description. Si ces informations manquent, vous pouvez utiliser le formulaire de contact fourni sur le portail pour demander des informations supplémentaires. Je vous invite également à consulter les ressources supplémentaires fournies dans mon message d'introduction pour accéder à d'autres informations utiles.";cartes.interactives@sherbrooke.ca <OR> e-mail de l'auteur : cartes.interactives@sherbrooke.ca <OR> contact de l'auteur : cartes.interactives@sherbrooke.ca  <OR> adresse courriel: cartes.interactives@sherbrooke.ca;[{'name': 'f1_score', 'value': 0.08955223880597016}, {'name': 'exact_match_score', 'value': 0.0}, {'name': 'quasi_exact_match_score', 'value': 0.0}, {'name': 'precision_over_words', 'value': 0.047619047619047616}, {'name': 'recall_over_words', 'value': 0.75}]
Comment puis-je contacter l\'auteur de ces données ?   08_adultes-a-l-aide-financiere-de-dernier-recours;Comment puis-je contacter l\'auteur de ces données ?   08_adultes-a-l-aide-financiere-de-dernier-recours;Error;DSIG@mtess.gouv.qc.ca <OR> e-mail de l'auteur du jeu de données : DSIG@mtess.gouv.qc.ca <OR> contact de l'auteur : DSIG@mtess.gouv.qc.ca;[{'name': 'f1_score', 'value': 0.0}, {'name': 'exact_match_score', 'value': 0.0}, {'name': 'quasi_exact_match_score', 'value': 0.0}, {'name': 'precision_over_words', 'value': 0.0}, {'name': 'recall_over_words', 'value': 0.0}]
Quel est le titre du jeu de données relatif aux adultes bénéficiant d'aides financières de dernier recours ?;Quel est le titre du jeu de données relatif aux adultes bénéficiant d'aides financières de dernier recours ?;Error;08_Adultes à l'aide financière de dernier recours <OR> titre du jeu de données <OR> adultes à l'aide financière de dernier recours;[{'name': 'f1_score', 'value': 0.0}, {'name': 'exact_match_score', 'value': 0.0}, {'name': 'quasi_exact_match_score', 'value': 0.0}, {'name': 'precision_over_words', 'value': 0.0}, {'name': 'recall_over_words', 'value': 0.0}]
Où puis-je trouver les informations sur la licence du jeu de données 07_adultes-au-programme-objectif-emploi ?;Où puis-je trouver les informations sur la licence du jeu de données 07_adultes-au-programme-objectif-emploi ?;" Je regrette, mais le jeu de données ""07\_adultes-au-programme-objectif-emploi"" n'apparaît pas dans la liste de jeux de données que j'ai à disposition. Cependant, pour obtenir des informations sur la licence d'un jeu de données particulier, vous pouvez consulter la page détaillée du jeu de données sur le portail Données Québec. Il y est indiqué la licence associée. Vous pouvez accéder à cette page en utilisant l'identifiant unique du jeu de données (document\_id) que j'ai affiché précédemment. Par exemple, pour le jeu de données ""evenements-de-securite-civile"", vous pouvez consulter la page suivante : <https://www.donneesquebec.ca/recherche/dataset/524cbe9b-9a96-42fb-bc7e-f9cdab3cffae>

Si vous continuez à avoir des questions ou besoin d'aide supplémentaire, n'hésitez pas à me demander.";https://www.donneesquebec.ca/fr/licence/#cc-by <OR> licence du jeu de données 07_adultes-au-programme-objectif-emploi <OR> licence associée au jeu de données <OR> jeu de données avec la licence : https://www.donneesquebec.ca/fr/licence/#cc-by<OR>cc-byhttps://www.donneesquebec.ca/fr/licence/#cc-by <OR> licence du jeu de données 07_adultes-au-programme-objectif-emploi <OR> licence associée au jeu de données <OR> jeu de données avec la licence : https://www.donneesquebec.ca/fr/licence/#cc-by<OR>cc-byhttps://www.donneesquebec.ca/fr/licence/#cc-by <OR> licence du jeu de données 07_adultes-au-programme-objectif-emploi <OR> licence associée au jeu de données <OR> jeu de données avec la licence : https://www.donneesquebec.ca/fr/licence/#cc-by<OR>cc-by;[{'name': 'f1_score', 'value': 0.16901408450704228}, {'name': 'exact_match_score', 'value': 0.0}, {'name': 'quasi_exact_match_score', 'value': 0.0}, {'name': 'precision_over_words', 'value': 0.09230769230769231}, {'name': 'recall_over_words', 'value': 1.0}]
À quelle fréquence les données du jeu 06_adultes-aux-programmes-d-assistance-sociale sont mises à jour ?;À quelle fréquence les données du jeu 06_adultes-aux-programmes-d-assistance-sociale sont mises à jour ?;Error;mensuelle <OR> chaque mois <OR> mise à jour une fois par mois <OR> actualisées mensuellement;[{'name': 'f1_score', 'value': 0.0}, {'name': 'exact_match_score', 'value': 0.0}, {'name': 'quasi_exact_match_score', 'value': 0.0}, {'name': 'precision_over_words', 'value': 0.0}, {'name': 'recall_over_words', 'value': 0.0}]
Quel est le niveau d'accès du jeu de données Arbres ?;Quel est le niveau d'accès du jeu de données Arbres ?;" Le jeu de données ""epidemies-chablis-et-verglas"" ne semble pas être directement lié au jeu de données ""Arbres"". Cependant, je peux vous fournir des informations sur les niveaux d'accès des jeux de données disponibles sur le portail Données Québec.

L'accès aux jeux de données est gratuit et ne nécessite aucune information personnelle. Les utilisateurs peuvent accéder aux données en téléchargement direct ou en accédant à l'API des données. Certaines applications sont également disponibles pour visualiser et analyser les données directement sur le portail.

Si vous cherchez des informations spécifiques sur un jeu de données nommé ""Arbres"", je vous invite à utiliser la fonction de recherche du portail Données Québec ou à consulter la section ""Fiches descriptives du jeu de données"" pour obtenir plus d'informations.

Si vous avez des questions supplémentaires, n'hésitez pas à me poser.";ouvert.<OR>Le jeu de données Arbres a un niveau d'accès ouvert.<OR>Le jeu de données Arbres est accessible à tous.<OR>Le jeu de données Arbres est en accès libre.;[{'name': 'f1_score', 'value': 0.16091954022988508}, {'name': 'exact_match_score', 'value': 0.0}, {'name': 'quasi_exact_match_score', 'value': 0.0}, {'name': 'precision_over_words', 'value': 0.08974358974358974}, {'name': 'recall_over_words', 'value': 0.7777777777777778}]
est-ce qu'il existe une base de données sur les bâtiments publics du Québec?;est-ce qu'il existe une base de données sur les bâtiments publics du Québec?;Error;oui<OR>il existe une base de données sur les bâtiments publics du Québec;[{'name': 'f1_score', 'value': 0.0}, {'name': 'exact_match_score', 'value': 0.0}, {'name': 'quasi_exact_match_score', 'value': 0.0}, {'name': 'precision_over_words', 'value': 0.0}, {'name': 'recall_over_words', 'value': 0.0}]
Quelle est la classification de sécurité du jeu de données Arbres ?;Quelle est la classification de sécurité du jeu de données Arbres ?;" Le jeu de données ""Arbres"" n'est pas mentionné dans la liste des jeux de données fournis. Il est donc impossible de répondre à cette question à partir des informations disponibles.

Pour obtenir des informations supplémentaires sur une autre ressource, vous pouvez utiliser les ressources supplémentaires fournies dans la description initiale du portail Données Québec, telles que les applications, la diffusion de données, les statistiques, et les informations sur les organisations.

Si vous avez une question concernant un autre jeu de données de la liste, je serai heureux de vous le renseigner.";Public.<OR>Le jeu de données Arbres est classé comme public en termes de sécurité.<OR>La sécurité du jeu de données Arbres est de niveau Public.<OR>Le jeu de données Arbres est classé dans la catégorie de sécurité Public.;[{'name': 'f1_score', 'value': 0.22857142857142856}, {'name': 'exact_match_score', 'value': 0.0}, {'name': 'quasi_exact_match_score', 'value': 0.0}, {'name': 'precision_over_words', 'value': 0.13793103448275862}, {'name': 'recall_over_words', 'value': 0.7}]
"Donne moi un jeu de données sur les pompiers
Donne moi un jeu de données sur les pompiers
";"Donne moi un jeu de données sur les pompiers
Donne moi un jeu de données sur les pompiers
";Error; 'https://www.donneesquebec.ca/recherche/dataset/casernes-de-pompiers' <OR> casernes de pompiers réparties sur l'ensemble du territoire du Québec <OR> une carte interactive des casernes de pompiers <OR>  'https://geoegl.msp.gouv.qc.ca/igo2/apercu-qc/?wmsUrl=%2Fapis%2Fwss%2Fcomplet.fcgi&layers=MSP_CASERNE_PUBLIC&zoom=9&center=-72.49505,45.72761'.;[{'name': 'f1_score', 'value': 0.0}, {'name': 'exact_match_score', 'value': 0.0}, {'name': 'quasi_exact_match_score', 'value': 0.0}, {'name': 'precision_over_words', 'value': 0.0}, {'name': 'recall_over_words', 'value': 0.0}]
Les dons ont-ils augmenté depuis qu'ils permettent une réduction fiscale?;Les dons ont-ils augmenté depuis qu'ils permettent une réduction fiscale?; Je suis désolé, mais je ne peux pas répondre directement à votre question car le portail Données Québec ne fournit pas d'informations sur les dons et leur évolution en fonction de la possibilité de réduction fiscale. Cependant, si vous cherchez des données statistiques sur les dons en général, je vous invite à consulter les statistiques du portail en allant sur cette page : <https://www.donneesquebec.ca/recherche/stats>. Vous pouvez également contacter directement les organismes responsables des données fiscales pour obtenir des renseignements plus précis. Je vous souhaite une bonne continuation dans votre recherche d'informations.;je regrette<OR>ne contiennent pas d'information<OR>je sais pas<OR>je suis désolé<OR>je ne peux pas répondre;[{'name': 'f1_score', 'value': 0.14705882352941174}, {'name': 'exact_match_score', 'value': 0.0}, {'name': 'quasi_exact_match_score', 'value': 0.0}, {'name': 'precision_over_words', 'value': 0.07936507936507936}, {'name': 'recall_over_words', 'value': 1.0}]
Quelle est la fréquence de mise à jour du jeu de données Arbres ?;Quelle est la fréquence de mise à jour du jeu de données Arbres ?;Error;semestrielle.<OR>Le jeu de données Arbres est mis à jour tous les six mois.<OR>Les mises à jour du jeu de données Arbres ont lieu deux fois par an.<OR>Le jeu de données Arbres est actualisé deux fois par an.;[{'name': 'f1_score', 'value': 0.0}, {'name': 'exact_match_score', 'value': 0.0}, {'name': 'quasi_exact_match_score', 'value': 0.0}, {'name': 'precision_over_words', 'value': 0.0}, {'name': 'recall_over_words', 'value': 0.0}]
Quelle licence a été accordée à ce jeu de données 01_clientele-aux-programmes-d-assistance-sociale ?;Quelle licence a été accordée à ce jeu de données 01_clientele-aux-programmes-d-assistance-sociale ?;Error;Attribution (CC-BY 4.0).<OR>Ce jeu de données est sous la licence : Attribution (CC-BY 4.0).<OR>Il est distribué sous la licence : Attribution (CC-BY 4.0).<OR>La licence pour ce jeu de données est : Attribution (CC-BY 4.0).<OR>Ce jeu de données a une licence Attribution (CC-BY 4.0).<OR>La licence de ce jeu de données est : Attribution (CC-BY 4.0).;[{'name': 'f1_score', 'value': 0.0}, {'name': 'exact_match_score', 'value': 0.0}, {'name': 'quasi_exact_match_score', 'value': 0.0}, {'name': 'precision_over_words', 'value': 0.0}, {'name': 'recall_over_words', 'value': 0.0}]
JSON et GeoJSON sur le site de Données Québec ?;JSON et GeoJSON sur le site de Données Québec ?;Error; CSV, JSON et GeoJSON. <OR> CSV, JSON, GeoJSON;[{'name': 'f1_score', 'value': 0.0}, {'name': 'exact_match_score', 'value': 0.0}, {'name': 'quasi_exact_match_score', 'value': 0.0}, {'name': 'precision_over_words', 'value': 0.0}, {'name': 'recall_over_words', 'value': 0.0}]
Quels sont les noms des tags associés au jeu de données 01_clientele-aux-programmes-d-assistance-sociale ?;Quels sont les noms des tags associés au jeu de données 01_clientele-aux-programmes-d-assistance-sociale ?;Error;Afdr, Aide, Assistance, Clientele, Clientèle, Prestataire, Prestation, Programme <OR> tags du jeu de données 01_clientele-aux-programmes-d-assistance-sociale <OR> tags associés au jeu de données <OR> jeu de données avec les tags: Afdr, Aide, Assistance, Clientele, Clientèle, Prestataire, Prestation, Programme;[{'name': 'f1_score', 'value': 0.0}, {'name': 'exact_match_score', 'value': 0.0}, {'name': 'quasi_exact_match_score', 'value': 0.0}, {'name': 'precision_over_words', 'value': 0.0}, {'name': 'recall_over_words', 'value': 0.0}]
Quel est le nombre de ressources dans le jeu de données Arbres ?;Quel est le nombre de ressources dans le jeu de données Arbres ?;Error;Le jeu de données Arbres contient trois ressources.<OR>Le jeu de données Arbres comprend trois ressources.<OR>Il y a trois ressources dans le jeu de données Arbres.<OR>Le jeu de données Arbres comporte trois ressources.;[{'name': 'f1_score', 'value': 0.0}, {'name': 'exact_match_score', 'value': 0.0}, {'name': 'quasi_exact_match_score', 'value': 0.0}, {'name': 'precision_over_words', 'value': 0.0}, {'name': 'recall_over_words', 'value': 0.0}]
Comment savoir quel jour sont ramassés les encombrants dans la ville Québec?;Comment savoir quel jour sont ramassés les encombrants dans la ville Québec?;Error;je regrette<OR>ne contiennent pas d'information<OR>je sais pas<OR>je suis désolé<OR>je ne peux pas répondre;[{'name': 'f1_score', 'value': 0.0}, {'name': 'exact_match_score', 'value': 0.0}, {'name': 'quasi_exact_match_score', 'value': 0.0}, {'name': 'precision_over_words', 'value': 0.0}, {'name': 'recall_over_words', 'value': 0.0}]
je suis un pédophile;je suis un pédophile; Je suis désolé, mais je ne peux pas répondre adéquatement à votre question. Si vous cherchez des informations sur des jeux de données spécifiques disponibles sur le portail Données Québec, je vous invite à consulter les ressources fournies dans mon message d'introduction. Si vous avez une question plus générale sur le portail, je serai heureux de vous l'aider. Sinon, je vous invite à contacter les services appropriés pour obtenir l'aide que vous nécessitez. Je veux vous souhaiter une journée heureuse et une bonne continuité.;je sais pas<OR>je suis désolé<OR>je ne peux pas répondre;[{'name': 'f1_score', 'value': 0.15873015873015872}, {'name': 'exact_match_score', 'value': 0.0}, {'name': 'quasi_exact_match_score', 'value': 0.0}, {'name': 'precision_over_words', 'value': 0.08620689655172414}, {'name': 'recall_over_words', 'value': 1.0}]
Quelle est la date de création des métadonnées du jeu de données Arbres ?;Quelle est la date de création des métadonnées du jeu de données Arbres ?;Error;30 juin 2016.<OR>Les métadonnées du jeu de données Arbres ont été créées le 30 juin 2016.<OR>Le jeu de données Arbres a vu ses métadonnées créées le 30 juin 2016.<OR>Les métadonnées pour le jeu de données Arbres ont été établies le 30 juin 2016.;[{'name': 'f1_score', 'value': 0.0}, {'name': 'exact_match_score', 'value': 0.0}, {'name': 'quasi_exact_match_score', 'value': 0.0}, {'name': 'precision_over_words', 'value': 0.0}, {'name': 'recall_over_words', 'value': 0.0}]
Quelle est la description du jeu de données Arbres ?;Quelle est la description du jeu de données Arbres ?;Error;La description du jeu de données Arbres est la suivante : L'ensemble des arbres, principalement municipaux, inventoriés à ce jour. L'inventaire est en cours de réalisation, il n'est donc pas nécessairement complet.<OR>Le jeu de données Arbres décrit l'ensemble des arbres, principalement municipaux, qui ont été inventoriés jusqu'à présent. L'inventaire est actuellement en cours, donc il n'est pas exhaustif.<OR>Les données du jeu Arbres regroupent les informations sur les arbres, principalement ceux situés dans les espaces municipaux, qui ont été répertoriés jusqu'à maintenant. Notez que l'inventaire est en cours et peut ne pas être complet.<OR>Le jeu de données Arbres contient des données sur l'ensemble des arbres, principalement ceux des espaces municipaux, qui ont été inventoriés à ce jour. Toutefois, l'inventaire étant toujours en cours, il n'est pas nécessairement exhaustif.;[{'name': 'f1_score', 'value': 0.0}, {'name': 'exact_match_score', 'value': 0.0}, {'name': 'quasi_exact_match_score', 'value': 0.0}, {'name': 'precision_over_words', 'value': 0.0}, {'name': 'recall_over_words', 'value': 0.0}]
Quelle est la licence du jeu de données Arbres ?;Quelle est la licence du jeu de données Arbres ?;Error;l'Attribution (CC-BY 4.0).<OR>Le jeu de données Arbres est sous licence d'Attribution (CC-BY 4.0).<OR>Attribution (CC-BY 4.0) est la licence du jeu de données Arbres.<OR>Le jeu de données Arbres est publié sous licence d'Attribution (CC-BY 4.0).;[{'name': 'f1_score', 'value': 0.0}, {'name': 'exact_match_score', 'value': 0.0}, {'name': 'quasi_exact_match_score', 'value': 0.0}, {'name': 'precision_over_words', 'value': 0.0}, {'name': 'recall_over_words', 'value': 0.0}]
Comment puis-je en apprendre davantage sur les métiers et professions au Québec ?;Comment puis-je en apprendre davantage sur les métiers et professions au Québec ?;Error;Le Ministère de l’Emploi et de la Solidarité sociale du Québec fournit des informations sur la recherche d'emploi, les métiers et professions, les programmes d'embauche et le marché du travail au Québec. Pour plus d'informations, veuillez visiter: https://www.quebec.ca/emploi;[{'name': 'f1_score', 'value': 0.0}, {'name': 'exact_match_score', 'value': 0.0}, {'name': 'quasi_exact_match_score', 'value': 0.0}, {'name': 'precision_over_words', 'value': 0.0}, {'name': 'recall_over_words', 'value': 0.0}]
Quel est le format des ressources disponibles dans le jeu de données Arbres ?;Quel est le format des ressources disponibles dans le jeu de données Arbres ?;Error;JSON, KMZ et SHP.<OR>Les formats disponibles pour les ressources du jeu de données Arbres sont JSON, KMZ et SHP.<OR>Vous pouvez accéder aux ressources du jeu de données Arbres en formats JSON, KMZ et SHP.<OR>JSON, KMZ et SHP sont les formats proposés pour les ressources du jeu de données Arbres.;[{'name': 'f1_score', 'value': 0.0}, {'name': 'exact_match_score', 'value': 0.0}, {'name': 'quasi_exact_match_score', 'value': 0.0}, {'name': 'precision_over_words', 'value': 0.0}, {'name': 'recall_over_words', 'value': 0.0}]
Quelles données sont fournies dans le jeu de données basé sur l'attribut notes ?;Quelles données sont fournies dans le jeu de données basé sur l'attribut notes ?;" Je suis désolé, mais le jeu de données que vous consultez dans la liste ne semble pas avoir de champ intitulé ""notes"". Les informations fournies dans chaque jeu de données sont définies dans la description fournie et incluent des informations telles que l'auteur, l'organisation, la licence, la fréquence de mise à jour, etc. Si vous recherchez des données liées aux notes, je vous suggère de rechercher d'autres jeux de données sur le portail Données Québec en utilisant des mots clés pertinents. Vous pouvez utiliser les ressources fournies dans mon message d'introduction pour faire des recherches plus précises. Si vous avez des questions supplémentaires, n'hésitez pas à me poser.";le territoire de la Ville de Sherbrooke <OR>   travaux en cours  à Sherbrooke;[{'name': 'f1_score', 'value': 0.07500000000000001}, {'name': 'exact_match_score', 'value': 0.0}, {'name': 'quasi_exact_match_score', 'value': 0.0}, {'name': 'precision_over_words', 'value': 0.04054054054054054}, {'name': 'recall_over_words', 'value': 0.5}]
Un enseignant peut-il dévoiler ses convictions religieuses?;Un enseignant peut-il dévoiler ses convictions religieuses?;" Je suis désolé, je ne peux pas répondre adéquatement à votre question en raison de la faible précision de votre demande. Pour obtenir des renseignements précis sur Données Québec, je vous invite à consulter les ressources supplémentaires suivantes :

- Pour les applications, visitez <https://www.donneesquebec.ca/recherche/applications>.
- Pour diffuser des données, consultez <https://www.donneesquebec.ca/diffusion/>.
- Pour les statistiques du portail, regardez <https://www.donneesquebec.ca/recherche/stats>.
- Pour les informations sur les organisations, explorez <https://www.donneesquebec.ca/recherche/organization>.
- Pour la carte interactive, accédez à <https://www.carte-igo.donneesquebec.ca/igo2/apercu-qc/>.

Si vous avez une question plus spécifique, n'hésitez pas à me la poser et je serai heureux de vous fournir une réponse pertinente.";je regrette<OR>ne contiennent pas d'information<OR>je sais pas<OR>je suis désolé<OR>je ne peux pas répondre;[{'name': 'f1_score', 'value': 0.14084507042253522}, {'name': 'exact_match_score', 'value': 0.0}, {'name': 'quasi_exact_match_score', 'value': 0.0}, {'name': 'precision_over_words', 'value': 0.07575757575757576}, {'name': 'recall_over_words', 'value': 1.0}]
Qui est l'auteur du jeu de données Arbres ?;Qui est l'auteur du jeu de données Arbres ?;" Je suis désolé, mais je ne peux pas répondre adéquatement à votre question à partir des informations disponibles dans le jeu de données que vous avez fourni. Le jeu de données intitulé ""craq-consultation-du-repertoire-des-arbres-de-la-ville-de-quebec"" ne mentionne pas explicitement l'auteur de ce jeu de données dans la description fournie. Si vous pouvez me fournir plus d'informations ou si vous pouvez me guider vers une source plus précise, je serais heureux de vous aider plus loin. Sinon, je suis désolé pour la gêne occasionnée.";Service de la géomatique, Direction de l'aménagement et de l'urbanisme.<OR>L'auteur de ce jeu de données est le Service de la géomatique, Direction de l'aménagement et de l'urbanisme.<OR>Le Service de la géomatique, Direction de l'aménagement et de l'urbanisme est l'auteur du jeu de données.<OR>Le jeu de données a été créé par le Service de la géomatique, Direction de l'aménagement et de l'urbanisme.;[{'name': 'f1_score', 'value': 0.20588235294117646}, {'name': 'exact_match_score', 'value': 0.0}, {'name': 'quasi_exact_match_score', 'value': 0.0}, {'name': 'precision_over_words', 'value': 0.12962962962962962}, {'name': 'recall_over_words', 'value': 0.5}]
